"SNP","GEV_ACGCACCT-CCTTCACC","X123_CGCTATGT-GTGTCGGA","XEV_GTATGTTC-TTCCTGTT","Chromosome","Position","Transcript","Gene","Consequence","AA_position","Ref_Codon","Var_Codon","Ref_AA","Var_AA"
"ML755980.1:222545_T/TTGTGTGTGTGTGTGTGTGTGTGTGTGTGTGTGTGTGTGTGTGTGTGTGTG",0,0,1,"ML755980.1",222545,"806","BKA90DRAFT_133446","frameshift",1,"ATG","CACACACACACACACACACACACACACACACACACACACACACACACACAATG","",""
"ML755980.1:222545_T/TTGTGTGTGTGTGTGTGTGTGTGTGTGTGTGTGTGTGTGTGTGTGTGTGTG",0,0,1,"ML755980.1",222545,"806","BKA90DRAFT_133446","frameshift",1,"ATG","CACACACACACACACACACACACACACACACACACACACACACACACACACACACACACACACACACAATG","",""
"ML755981.1:192924_T/TGGCCAGCAGGGTCAGGGACAGTAC",1,1,1,"ML755981.1",192924,"880","BKA90DRAFT_33247","nonsynonymous",866,"GCT","GCTGGCCAGCAGGGTCAGGGACAGTAC","A","AGQQGQGQY"
"ML755984.1:386332_G/GTCAGGGTTAGTCAGGGTTAGTCAGGGTTAGTCAGGGTTAGTCAGGGTTAGTCAGGGTTAGTCAGGGTTAGTCA",0,0,1,"ML755984.1",386332,"1421","BKA90DRAFT_134572","frameshift",280,"GGC","GTCAGGGTTAGTCAGGGTTAGTCAGGGTTAGTCAGGGTTAGTCAGGGTTAGTCAGGGTTAGTCAGGGTTAGTCAGC","",""
"ML755987.1:10778_A/ACATCAGCTGTAGTTGTAACAGAAGTAGCAGCTGAAGTAGATG",0,1,0,"ML755987.1",10778,"1841","BKA90DRAFT_156218","nonsynonymous",252,"GTT","GCATCTACTTCAGCTGCTACTTCTGTTACAACTACAGCTGATGTT","V","ASTSAATSVTTTADV"
"ML755987.1:99826_G/A",1,0,1,"ML755987.1",99826,"1790","BKA90DRAFT_109120","nonsynonymous",462,"GAC","AAC","D","N"
"ML755989.1:332845_C/CTCTTCTGCTCCTGCTCCCGCTCCCAAGCCCGAG",1,1,1,"ML755989.1",332845,"2098","BKA90DRAFT_109853","nonsynonymous",629,"CCC","CCCTCTTCTGCTCCTGCTCCCGCTCCCAAGCCCGAG","P","PSSAPAPAPKPE"
"ML755989.1:332947_T/TTCTGCCCCTGCTCCTGCTCCCAAGCCCGAGGAG",1,1,1,"ML755989.1",332947,"2098","BKA90DRAFT_109853","nonsynonymous",663,"ACT","ACTTCTGCCCCTGCTCCTGCTCCCAAGCCCGAGGAG","T","TSAPAPAPKPEE"
"ML755995.1:74703_A/AAATTACTAGACTACTG",1,1,1,"ML755995.1",74703,"2750","BKA90DRAFT_156961","frameshift",181,"TAA","TAAATTACTAGACTACTGA","",""
"ML756000.1:189049_C/T",1,0,0,"ML756000.1",189049,"3223","BKA90DRAFT_137339","synonymous",165,"GAC","GAT","D","D"
"ML755977.1:177460_ACCCCCCCCCCC/A",1,1,1,NA,NA,NA,NA,NA,NA,NA,NA,NA,NA
"ML755977.1:237488_TAAAAAAAAAAAAA/T",1,1,1,NA,NA,NA,NA,NA,NA,NA,NA,NA,NA
"ML755977.1:351610_G/GT",1,1,1,NA,NA,NA,NA,NA,NA,NA,NA,NA,NA
"ML755977.1:601795_T/TC",1,1,1,NA,NA,NA,NA,NA,NA,NA,NA,NA,NA
"ML755978.1:83_GAAAAAAAAAAAAAAAAAA/G",1,1,1,NA,NA,NA,NA,NA,NA,NA,NA,NA,NA
"ML755978.1:66627_AGGGGGGG/A",1,1,1,NA,NA,NA,NA,NA,NA,NA,NA,NA,NA
"ML755978.1:174098_TG/T",0,1,1,NA,NA,NA,NA,NA,NA,NA,NA,NA,NA
"ML755979.1:19426_AGGGGGGG/A",1,1,1,NA,NA,NA,NA,NA,NA,NA,NA,NA,NA
"ML755979.1:96486_G/T",1,1,1,NA,NA,NA,NA,NA,NA,NA,NA,NA,NA
"ML755979.1:96852_G/T",1,1,1,NA,NA,NA,NA,NA,NA,NA,NA,NA,NA
"ML755979.1:96881_T/G",1,1,1,NA,NA,NA,NA,NA,NA,NA,NA,NA,NA
"ML755979.1:96926_G/T",1,1,1,NA,NA,NA,NA,NA,NA,NA,NA,NA,NA
"ML755979.1:299010_CTTT/C",1,1,1,NA,NA,NA,NA,NA,NA,NA,NA,NA,NA
"ML755979.1:342477_GAAAAAAAAAAAAAAAAAAAAAAA/G",1,1,1,NA,NA,NA,NA,NA,NA,NA,NA,NA,NA
"ML755979.1:348481_CAAA/C",1,1,1,NA,NA,NA,NA,NA,NA,NA,NA,NA,NA
"ML755979.1:480084_ACCCCCCCCCCCCC/ACC",NA,1,0,NA,NA,NA,NA,NA,NA,NA,NA,NA,NA
"ML755979.1:480084_ACCCCCCCCCCCCC/A",NA,0,1,NA,NA,NA,NA,NA,NA,NA,NA,NA,NA
"ML755980.1:108690_G/GTGACCA",NA,1,0,NA,NA,NA,NA,NA,NA,NA,NA,NA,NA
"ML755984.1:398425_C/T",0,0,1,NA,NA,NA,NA,NA,NA,NA,NA,NA,NA
"ML755980.1:222545_T/TTGTGTGTGTGTGTGTGTGTGTGTGTGTGTGTGTGTGTGTGTGTGTGTGTGTGTGTGTGTGTGTGTGTG",1,1,0,NA,NA,NA,NA,NA,NA,NA,NA,NA,NA
"ML755980.1:282964_C/A",1,1,1,NA,NA,NA,NA,NA,NA,NA,NA,NA,NA
"ML755980.1:306087_A/AAGTGAGTTGAGTGAGTTGAGTGAGTTGAGTGAGTTG",1,1,1,NA,NA,NA,NA,NA,NA,NA,NA,NA,NA
"ML755980.1:331786_GTTTTTTTTTTTTTTTTTTTTTTTTTTTAATTTTTTTATTTTTTT/G",1,1,1,NA,NA,NA,NA,NA,NA,NA,NA,NA,NA
"ML755980.1:361157_TAAAAAAAAAAAA/T",1,1,1,NA,NA,NA,NA,NA,NA,NA,NA,NA,NA
"ML755980.1:403445_A/AG",1,1,1,NA,NA,NA,NA,NA,NA,NA,NA,NA,NA
"ML755980.1:408210_T/TAAATAAAATAAATAAAATAAATAAAATAAATAAAATAAATAAAATAAATAAAATAAAATAAATAAAATAAATAAAATAAAATAAATAAATAAAATAAATAAAATAAATAAAATAAATAAAATA",1,1,1,NA,NA,NA,NA,NA,NA,NA,NA,NA,NA
"ML755980.1:418024_A/AG",1,1,1,NA,NA,NA,NA,NA,NA,NA,NA,NA,NA
"ML755980.1:458070_C/CAGAGAGAGAGAGAGAGAGAGAGAGAGAGAGAG",1,1,1,NA,NA,NA,NA,NA,NA,NA,NA,NA,NA
"ML755980.1:467493_A/C",1,1,1,NA,NA,NA,NA,NA,NA,NA,NA,NA,NA
"ML755981.1:23081_T/C",1,1,1,NA,NA,NA,NA,NA,NA,NA,NA,NA,NA
"ML755981.1:155176_GAGGGC/G",NA,1,NA,NA,NA,NA,NA,NA,NA,NA,NA,NA,NA
"ML755985.1:368351_G/GGCTCTCTGGTGCTTGACTATGGCTGATCGGACGGGAAGCCGTATTTTCACCAGGATATGGCCGTAACC",1,1,1,NA,NA,NA,NA,NA,NA,NA,NA,NA,NA
"ML755981.1:254576_TAAA/T",1,1,1,NA,NA,NA,NA,NA,NA,NA,NA,NA,NA
"ML755981.1:356286_T/TCCCCCCCCCCCCCCCCCC",1,NA,NA,NA,NA,NA,NA,NA,NA,NA,NA,NA,NA
"ML755982.1:429003_CTTTTTTTTTTTTTTTTTTTTTTTT/C",1,0,1,NA,NA,NA,NA,NA,NA,NA,NA,NA,NA
"ML755982.1:429003_CTTTTTTTTTTTTTTTTTTTTTTTT/CT",0,1,0,NA,NA,NA,NA,NA,NA,NA,NA,NA,NA
"ML755983.1:2000_A/G",1,1,1,NA,NA,NA,NA,NA,NA,NA,NA,NA,NA
"ML755983.1:2204_T/C",1,1,1,NA,NA,NA,NA,NA,NA,NA,NA,NA,NA
"ML755983.1:5480_G/A",1,1,1,NA,NA,NA,NA,NA,NA,NA,NA,NA,NA
"ML755983.1:5677_AGC/A",1,1,1,NA,NA,NA,NA,NA,NA,NA,NA,NA,NA
"ML755983.1:72891_CAAAAAAAAA/C",1,0,0,NA,NA,NA,NA,NA,NA,NA,NA,NA,NA
"ML755983.1:72891_CAAAAAAAAA/CA",0,1,1,NA,NA,NA,NA,NA,NA,NA,NA,NA,NA
"ML755983.1:101591_GAAAAAA/G",1,1,1,NA,NA,NA,NA,NA,NA,NA,NA,NA,NA
"ML755983.1:143840_A/AGG",1,1,1,NA,NA,NA,NA,NA,NA,NA,NA,NA,NA
"ML755983.1:170050_T/TGGGGGGGG",1,0,0,NA,NA,NA,NA,NA,NA,NA,NA,NA,NA
"ML755983.1:303375_TAAAAAAAAAAAAAAAAAAAAAAAAAAAAAAAAAAAAAAAAAAAAAAAAAAAAA/T",0,1,0,NA,NA,NA,NA,NA,NA,NA,NA,NA,NA
"ML755983.1:371774_CAAAAACAAAAAAAAA/C",1,1,1,NA,NA,NA,NA,NA,NA,NA,NA,NA,NA
"ML755984.1:71516_T/TGTACTGTTCGTGCTTGG",1,1,1,NA,NA,NA,NA,NA,NA,NA,NA,NA,NA
"ML755984.1:180246_CT/C",1,1,1,NA,NA,NA,NA,NA,NA,NA,NA,NA,NA
"ML755984.1:180265_T/G",1,1,1,NA,NA,NA,NA,NA,NA,NA,NA,NA,NA
"ML755984.1:180267_T/C",1,1,1,NA,NA,NA,NA,NA,NA,NA,NA,NA,NA
"ML755984.1:180270_T/A",1,1,1,NA,NA,NA,NA,NA,NA,NA,NA,NA,NA
"ML755984.1:331674_CAAAA/C",1,1,1,NA,NA,NA,NA,NA,NA,NA,NA,NA,NA
"ML755988.1:238669_A/G",NA,1,0,NA,NA,NA,NA,NA,NA,NA,NA,NA,NA
"ML755984.1:398371_G/A",0,0,1,NA,NA,NA,NA,NA,NA,NA,NA,NA,NA
"ML755984.1:398372_A/C",0,0,1,NA,NA,NA,NA,NA,NA,NA,NA,NA,NA
"ML755984.1:398384_T/TC",0,0,1,NA,NA,NA,NA,NA,NA,NA,NA,NA,NA
"ML755984.1:398385_T/A",0,0,1,NA,NA,NA,NA,NA,NA,NA,NA,NA,NA
"ML755988.1:238674_T/G",NA,1,0,NA,NA,NA,NA,NA,NA,NA,NA,NA,NA
"ML755984.1:398556_G/T",1,0,1,NA,NA,NA,NA,NA,NA,NA,NA,NA,NA
"ML755984.1:398824_G/A",1,1,1,NA,NA,NA,NA,NA,NA,NA,NA,NA,NA
"ML755984.1:398889_T/C",0,1,1,NA,NA,NA,NA,NA,NA,NA,NA,NA,NA
"ML755985.1:21948_C/CA",1,1,1,NA,NA,NA,NA,NA,NA,NA,NA,NA,NA
"ML755985.1:46707_C/CTTTT",1,1,1,NA,NA,NA,NA,NA,NA,NA,NA,NA,NA
"ML755985.1:89318_T/TTGAGAAGCCTACGCCCGAGAAGCCTACTCCTGAGGTTCC",1,1,1,NA,NA,NA,NA,NA,NA,NA,NA,NA,NA
"ML755985.1:127513_CAAAAAAAAAAA/C",0,1,0,NA,NA,NA,NA,NA,NA,NA,NA,NA,NA
"ML755985.1:127513_CAAAAAAAAAAA/CA",1,0,1,NA,NA,NA,NA,NA,NA,NA,NA,NA,NA
"ML755985.1:336970_T/TTC",1,1,1,NA,NA,NA,NA,NA,NA,NA,NA,NA,NA
"ML755985.1:358498_TATATC/T",1,0,0,NA,NA,NA,NA,NA,NA,NA,NA,NA,NA
"ML755985.1:358506_CTCTCA/C",1,NA,NA,NA,NA,NA,NA,NA,NA,NA,NA,NA,NA
"ML755985.1:360894_T/TTTTTTTG",1,1,1,NA,NA,NA,NA,NA,NA,NA,NA,NA,NA
"ML755990.1:196562_GTTTTTTTTTTTTTTT/G",1,1,1,NA,NA,NA,NA,NA,NA,NA,NA,NA,NA
"ML755986.1:36487_ACCCC/A",1,1,1,NA,NA,NA,NA,NA,NA,NA,NA,NA,NA
"ML755986.1:78915_G/GCCAGAGCCGGAGCCCTCAGAACCTGAACCAGAGCCAGAGCCAGAGCCGGAGCCCTCAGAACCTGAACCAGAGCCAGAGCCAGAGCCGGAGCCCTCAGAGCCAGAGCCAGAGCCAGAGCCGGAGCCGGAGCCCTCAGAACCTGAACCTGAACCTGAGCCAGAA",1,0,0,NA,NA,NA,NA,NA,NA,NA,NA,NA,NA
"ML755986.1:78915_G/GCCAGAGCCGGAGCCCTCAGATCCTGAACCAGAGCCAGAGCCAGAGCCGGAGCCCTCAGAACCTGAACCAGAGCCAGAGCCAGAGCCGGAGCCCTCAGAGCCAGAGCCAGAGCCAGAGCCGGAGCCGGAGCCCTCAGAACCTGAACCTGAACCTGAGCCAGAA",0,1,0,NA,NA,NA,NA,NA,NA,NA,NA,NA,NA
"ML755986.1:211825_G/GA",1,1,1,NA,NA,NA,NA,NA,NA,NA,NA,NA,NA
"ML755986.1:315239_GAAAAAAAAAAAAAAAAAAAAAAAAAAAAAAAAAAAAAAAAAAAAAAAAAAAAAAAAAAAAAAAAAGAAAAA/G",1,1,1,NA,NA,NA,NA,NA,NA,NA,NA,NA,NA
"ML755986.1:355200_G/GT",1,1,1,NA,NA,NA,NA,NA,NA,NA,NA,NA,NA
"ML755986.1:360044_C/A",1,1,1,NA,NA,NA,NA,NA,NA,NA,NA,NA,NA
"ML755992.1:73176_GAAAAAAAAAAAAAAAAAAAAAAAAAA/G",1,1,1,NA,NA,NA,NA,NA,NA,NA,NA,NA,NA
"ML755992.1:87653_G/GA",1,1,1,NA,NA,NA,NA,NA,NA,NA,NA,NA,NA
"ML755987.1:153848_CTTTTTTTTTTTTTTTTTTTTTTTTTGTTTTTTTTGCAAGGTGGG/C",1,1,1,NA,NA,NA,NA,NA,NA,NA,NA,NA,NA
"ML755987.1:196851_GGTTTTTTTTTTTTTTTTTTTTT/G",1,1,1,NA,NA,NA,NA,NA,NA,NA,NA,NA,NA
"ML755987.1:279108_GTTTTTTTTTTTTTTTTTTTTTTTTTT/G",1,1,1,NA,NA,NA,NA,NA,NA,NA,NA,NA,NA
"ML755987.1:293097_CAAAAAAAAAAAAAAAAAAAAAGAAGATTGGGGGGGGGGCAA/C",1,1,1,NA,NA,NA,NA,NA,NA,NA,NA,NA,NA
"ML755987.1:299385_CA/C",1,1,1,NA,NA,NA,NA,NA,NA,NA,NA,NA,NA
"ML755987.1:347841_GTTTTTTTTTTTTTTTTTTTTTTT/G",1,1,1,NA,NA,NA,NA,NA,NA,NA,NA,NA,NA
"ML755988.1:25704_TA/T",1,1,1,NA,NA,NA,NA,NA,NA,NA,NA,NA,NA
"ML755988.1:31090_CTTTTTTTTTTTTTTTTTTTTT/C",1,1,1,NA,NA,NA,NA,NA,NA,NA,NA,NA,NA
"ML755988.1:87659_T/TGGGGGGGGGGGGGG",0,1,1,NA,NA,NA,NA,NA,NA,NA,NA,NA,NA
"ML755988.1:143190_A/AACACACAC",1,1,1,NA,NA,NA,NA,NA,NA,NA,NA,NA,NA
"ML755988.1:165449_CAAA/C",1,1,1,NA,NA,NA,NA,NA,NA,NA,NA,NA,NA
"ML755988.1:238668_GAGAAGTGATGTGAA/G",0,0,1,NA,NA,NA,NA,NA,NA,NA,NA,NA,NA
"ML755994.1:106_GTAAAAAAAAAAAA/G",1,1,1,NA,NA,NA,NA,NA,NA,NA,NA,NA,NA
"ML755988.1:238669_A/",NA,0,1,NA,NA,NA,NA,NA,NA,NA,NA,NA,NA
"ML755988.1:238670_GAAGTGATGTGAA/GGTGATGTGAA",0,1,0,NA,NA,NA,NA,NA,NA,NA,NA,NA,NA
"ML755988.1:238670_GAAGTGATGTGAA/",0,0,1,NA,NA,NA,NA,NA,NA,NA,NA,NA,NA
"ML755988.1:238674_T/",NA,0,1,NA,NA,NA,NA,NA,NA,NA,NA,NA,NA
"ML755994.1:139_A/ATG",1,1,1,NA,NA,NA,NA,NA,NA,NA,NA,NA,NA
"ML755988.1:238675_GAT/",0,0,1,NA,NA,NA,NA,NA,NA,NA,NA,NA,NA
"ML755988.1:238675_GAT/G",0,1,0,NA,NA,NA,NA,NA,NA,NA,NA,NA,NA
"ML755988.1:238679_T/",NA,0,1,NA,NA,NA,NA,NA,NA,NA,NA,NA,NA
"ML755988.1:238679_T/G",NA,1,0,NA,NA,NA,NA,NA,NA,NA,NA,NA,NA
"ML755988.1:238680_GAA/",0,0,1,NA,NA,NA,NA,NA,NA,NA,NA,NA,NA
"ML755988.1:238680_GAA/G",0,1,0,NA,NA,NA,NA,NA,NA,NA,NA,NA,NA
"ML755988.1:259091_CGGGGGGGGGGGGGGGGGGGGGGGGGGGGGG/C",0,0,1,NA,NA,NA,NA,NA,NA,NA,NA,NA,NA
"ML755989.1:300633_T/A",1,1,1,NA,NA,NA,NA,NA,NA,NA,NA,NA,NA
"ML755995.1:44050_CA/C",1,1,1,NA,NA,NA,NA,NA,NA,NA,NA,NA,NA
"ML755995.1:52035_GTTT/G",1,1,1,NA,NA,NA,NA,NA,NA,NA,NA,NA,NA
"ML755990.1:38108_A/AG",1,1,1,NA,NA,NA,NA,NA,NA,NA,NA,NA,NA
"ML755990.1:43274_ATTT/A",1,1,1,NA,NA,NA,NA,NA,NA,NA,NA,NA,NA
"ML755995.1:87086_CAAAAAAAAAAAAA/C",1,1,1,NA,NA,NA,NA,NA,NA,NA,NA,NA,NA
"ML755991.1:155388_TGGGGGGG/T",1,1,1,NA,NA,NA,NA,NA,NA,NA,NA,NA,NA
"ML755991.1:162528_TGGGGGGGGGGG/T",1,1,1,NA,NA,NA,NA,NA,NA,NA,NA,NA,NA
"ML755991.1:183134_T/TGCGGGGGGGGGGG",1,0,0,NA,NA,NA,NA,NA,NA,NA,NA,NA,NA
"ML755991.1:183136_A/G",1,0,0,NA,NA,NA,NA,NA,NA,NA,NA,NA,NA
"ML755991.1:183139_GCCCCCCCCCCCCC/G",0,0,1,NA,NA,NA,NA,NA,NA,NA,NA,NA,NA
"ML755991.1:272715_CAAAAAAA/C",1,1,1,NA,NA,NA,NA,NA,NA,NA,NA,NA,NA
"ML755991.1:301708_GT/G",1,1,1,NA,NA,NA,NA,NA,NA,NA,NA,NA,NA
"ML755996.1:245190_A/C",1,NA,1,NA,NA,NA,NA,NA,NA,NA,NA,NA,NA
"ML755997.1:558_TAAAAAAAAAAAAAAAAAAAAAAA/T",1,1,1,NA,NA,NA,NA,NA,NA,NA,NA,NA,NA
"ML755992.1:225777_C/CGGGGGGGGGGGGGGGGGGGGGGGGGGGGGGGGGGGGGGGGGGGGGGGGGGGGGGGGGGGGG",0,1,0,NA,NA,NA,NA,NA,NA,NA,NA,NA,NA
"ML755992.1:225778_T/G",0,1,0,NA,NA,NA,NA,NA,NA,NA,NA,NA,NA
"ML755992.1:225781_A/ACCCC",1,1,1,NA,NA,NA,NA,NA,NA,NA,NA,NA,NA
"ML755992.1:290208_A/G",0,1,1,NA,NA,NA,NA,NA,NA,NA,NA,NA,NA
"ML755992.1:290255_C/T",1,1,1,NA,NA,NA,NA,NA,NA,NA,NA,NA,NA
"ML755993.1:42829_A/AAAAAATAGTAATAGAATAAAAATAGTAATAGAAT",1,1,1,NA,NA,NA,NA,NA,NA,NA,NA,NA,NA
"ML755993.1:151944_CTT/C",1,1,1,NA,NA,NA,NA,NA,NA,NA,NA,NA,NA
"ML755993.1:181300_TA/T",1,1,1,NA,NA,NA,NA,NA,NA,NA,NA,NA,NA
"ML755993.1:221841_GTTTTTTTTTTTT/G",1,1,1,NA,NA,NA,NA,NA,NA,NA,NA,NA,NA
"ML755993.1:225403_GAAA/G",1,1,1,NA,NA,NA,NA,NA,NA,NA,NA,NA,NA
"ML755993.1:238616_TCCCCCC/T",0,1,0,NA,NA,NA,NA,NA,NA,NA,NA,NA,NA
"ML755993.1:259939_TGGGG/T",1,1,1,NA,NA,NA,NA,NA,NA,NA,NA,NA,NA
"ML756000.1:57826_GT/G",1,1,1,NA,NA,NA,NA,NA,NA,NA,NA,NA,NA
"ML755994.1:123_A/ATG",1,1,1,NA,NA,NA,NA,NA,NA,NA,NA,NA,NA
"ML755994.1:127_A/ATG",1,1,1,NA,NA,NA,NA,NA,NA,NA,NA,NA,NA
"ML755994.1:131_A/ATG",1,1,1,NA,NA,NA,NA,NA,NA,NA,NA,NA,NA
"ML755994.1:135_A/ATG",1,1,1,NA,NA,NA,NA,NA,NA,NA,NA,NA,NA
"ML756001.1:78982_TAAAAAAAAAAAAAAAAAAAAAAAAAAAAAAAAAAAAAAAA/T",1,1,1,NA,NA,NA,NA,NA,NA,NA,NA,NA,NA
"ML755994.1:143_A/ATG",1,1,1,NA,NA,NA,NA,NA,NA,NA,NA,NA,NA
"ML755994.1:147_A/ATGT",1,1,0,NA,NA,NA,NA,NA,NA,NA,NA,NA,NA
"ML755994.1:42496_A/AC",1,1,1,NA,NA,NA,NA,NA,NA,NA,NA,NA,NA
"ML755994.1:139618_A/C",1,1,1,NA,NA,NA,NA,NA,NA,NA,NA,NA,NA
"ML755994.1:139619_A/G",1,1,1,NA,NA,NA,NA,NA,NA,NA,NA,NA,NA
"ML755994.1:151700_GAAAA/G",1,1,1,NA,NA,NA,NA,NA,NA,NA,NA,NA,NA
"ML755994.1:256800_T/TCCCCCCC",1,1,1,NA,NA,NA,NA,NA,NA,NA,NA,NA,NA
"ML755995.1:27890_GA/G",1,0,0,NA,NA,NA,NA,NA,NA,NA,NA,NA,NA
"ML755998.1:5731_C/CGGGGGGGGGGGGGGGGGGG",1,0,0,NA,NA,NA,NA,NA,NA,NA,NA,NA,NA
"ML755997.1:76641_CTTTTTTTTTTTTTTTTTTTTTTTTTTTTT/C",1,1,1,NA,NA,NA,NA,NA,NA,NA,NA,NA,NA
"ML755995.1:66230_A/AC",1,1,1,NA,NA,NA,NA,NA,NA,NA,NA,NA,NA
"ML755998.1:5731_C/CGGGGGGGGGGGGGGGGGG",0,1,1,NA,NA,NA,NA,NA,NA,NA,NA,NA,NA
"ML755996.1:84411_G/GGA",1,1,1,NA,NA,NA,NA,NA,NA,NA,NA,NA,NA
"ML755996.1:5457_CAAAA/C",1,0,1,NA,NA,NA,NA,NA,NA,NA,NA,NA,NA
"ML755996.1:19729_TGGGGGGGGG/T",1,1,1,NA,NA,NA,NA,NA,NA,NA,NA,NA,NA
"ML755996.1:52254_C/CT",0,1,0,NA,NA,NA,NA,NA,NA,NA,NA,NA,NA
"ML756000.1:57031_GA/G",1,1,1,NA,NA,NA,NA,NA,NA,NA,NA,NA,NA
"ML755996.1:136625_A/AG",1,1,1,NA,NA,NA,NA,NA,NA,NA,NA,NA,NA
"ML755996.1:176694_GAAAAAAAAAAAAAAGAAAAAAAAAAAAAAAAAAAAAAAACAAAAAAAAAAAAAAAAAAAAAAAAAAAAAAAAAGGAAAAA/G",1,1,1,NA,NA,NA,NA,NA,NA,NA,NA,NA,NA
"ML755996.1:245165_A/T",1,NA,NA,NA,NA,NA,NA,NA,NA,NA,NA,NA,NA
"ML756000.1:234862_A/AGTCTGTGATTGTCTGTGATT",1,1,1,NA,NA,NA,NA,NA,NA,NA,NA,NA,NA
"ML756001.1:35556_TCCCC/T",1,1,1,NA,NA,NA,NA,NA,NA,NA,NA,NA,NA
"ML756000.1:83833_G/A",1,1,1,NA,NA,NA,NA,NA,NA,NA,NA,NA,NA
"ML755998.1:5728_GCC/G",1,1,1,NA,NA,NA,NA,NA,NA,NA,NA,NA,NA
"ML755998.1:244710_AC/A",1,1,1,NA,NA,NA,NA,NA,NA,NA,NA,NA,NA
"ML755999.1:108890_T/TTC",1,1,1,NA,NA,NA,NA,NA,NA,NA,NA,NA,NA
"ML755998.1:26334_A/AAGAGAGAGAGAGAGAGAGAGAGAGAG",1,1,1,NA,NA,NA,NA,NA,NA,NA,NA,NA,NA
"ML755998.1:85163_CAAAAAAAAAAAAA/C",1,1,1,NA,NA,NA,NA,NA,NA,NA,NA,NA,NA
"ML756000.1:54603_A/G",1,1,1,NA,NA,NA,NA,NA,NA,NA,NA,NA,NA
"ML756001.1:93548_GAAAAAAAAAAAAAAAAAAAAAAAAAAAAAAAAAAAAAACAAAAAA/G",1,1,1,NA,NA,NA,NA,NA,NA,NA,NA,NA,NA
"ML756000.1:30911_GAAAAAA/G",1,1,1,NA,NA,NA,NA,NA,NA,NA,NA,NA,NA
"ML756000.1:54469_C/T",1,NA,1,NA,NA,NA,NA,NA,NA,NA,NA,NA,NA
"ML756001.1:91052_CTTTTTTTTTTATTTTTTATTTTTATTTTTATTTTTATTTTTTATTTTTTTTTTTTTTTTTTTTTTTTTT/C",1,1,1,NA,NA,NA,NA,NA,NA,NA,NA,NA,NA
"ML756003.1:16734_G/GTT",NA,NA,NA,NA,NA,NA,NA,NA,NA,NA,NA,NA,NA
"ML756001.1:196467_G/GTT",1,1,1,NA,NA,NA,NA,NA,NA,NA,NA,NA,NA
"ML756001.1:235553_GGTTTTTTTTTTTTTTTTTTTTTTTTTTTTTTCCTTTTTTTGTTTTTCCCCTTTTTTTTTTGGTTTCTTGTA/G",1,1,1,NA,NA,NA,NA,NA,NA,NA,NA,NA,NA
"ML756003.1:16734_G/GT",NA,NA,NA,NA,NA,NA,NA,NA,NA,NA,NA,NA,NA
