"SNP","16EV_TCGATATC-ACTCGTGT","1EV_TACTCATA-GCCACAGG","2EV_CGTCTGCG-ATTGTGAA","41EV_CTAGCGCT-GTCTACAC","PO1f_TATCGCAC-ACACTAAG","Chromosome","Position","Transcript","Gene","Consequence","Ref_Codon","Var_Codon","Ref_AA","Var_AA"
"ML755977.1:668759_CG/C",1,1,1,1,0,"ML755977.1",668759,"297","BKA90DRAFT_165832","frameshift","CCG","CG","",""
"ML755979.1:453465_A/G",1,1,1,1,0,"ML755979.1",453465,"593","BKA90DRAFT_133266","synonymous","GCA","GCG","A","A"
"ML755979.1:469302_T/A",1,1,1,1,0,"ML755979.1",469302,"597","BKA90DRAFT_133279","nonsynonymous","TTT","ATT","F","I"
"ML755980.1:222545_T/TTGTGTGTGTGTGTGTGTGTGTGTGTGTGTGTGTGTGTGTGTGTGTGTGTG",1,0,1,0,1,"ML755980.1",222545,"806","BKA90DRAFT_133446","frameshift","ATG","CACACACACACACACACACACACACACACACACACACACACACACACACAATG","",""
"ML755980.1:222545_T/TTGTGTGTGTGTGTGTGTGTGTGTGTGTGTGTGTGTGTGTGTGTGTGTGTG",1,0,1,0,1,"ML755980.1",222545,"806","BKA90DRAFT_133446","frameshift","ATG","CACACACACACACACACACACACACACACACACACACACACACACACACACACACACACACAATG","",""
"ML755980.1:222545_T/TTGTGTGTGTGTGTGTGTGTGTGTGTGTGTGTGTGTGTGTGTGTGTGTGTG",1,0,1,0,1,"ML755980.1",222545,"806","BKA90DRAFT_133446","nonsynonymous","ATG","CACACACACACACACACACACACACACACACACACACACACACACACACACACACACACACACACAATG","M","HTHTHTHTHTHTHTHTHTHTHTM"
"ML755981.1:192924_T/TGGCCAGCAGGGTCAGGGACAGTAC",1,1,1,1,1,"ML755981.1",192924,"880","BKA90DRAFT_33247","nonsynonymous","GCT","GCTGGCCAGCAGGGTCAGGGACAGTAC","A","AGQQGQGQY"
"ML755983.1:164915_A/ATGCTGACCGTGCTGCTGCTGACCGTGCTGC",1,1,1,1,0,"ML755983.1",164915,"1309","BKA90DRAFT_166678","nonsynonymous","CAT","CAGCAGCACGGTCAGCAGCAGCACGGTCAGCAT","H","QQHGQQQHGQH"
"ML755987.1:10778_A/ACATCAGCTGTAGTTGTAACAGAAGTAGCAGCTGAAGTAGATG",0,0,0,1,0,"ML755987.1",10778,"1841","BKA90DRAFT_156218","nonsynonymous","GTT","GCATCTACTTCAGCTGCTACTTCTGTTACAACTACAGCTGATGTT","V","ASTSAATSVTTTADV"
"ML755988.1:147622_G/T",1,1,1,1,0,"ML755988.1",147622,"1937","BKA90DRAFT_135307","nonsynonymous","GCT","TCT","A","S"
"ML755989.1:332947_T/TTCTGCCCCTGCTCCTGCTCCCAAGCCCGAGGAG",1,1,1,1,1,"ML755989.1",332947,"2098","BKA90DRAFT_109853","nonsynonymous","ACT","ACTTCTGCCCCTGCTCCTGCTCCCAAGCCCGAGGAG","T","TSAPAPAPKPEE"
"ML755994.1:173954_C/T",1,1,1,1,0,"ML755994.1",173954,"2665","BKA90DRAFT_152173","nonsense","CAA","TAA","Q","*"
"ML755995.1:74703_A/AAATTACTAGACTACTG",1,1,1,1,1,"ML755995.1",74703,"2750","BKA90DRAFT_156961","frameshift","TAA","TAAATTACTAGACTACTGA","",""
"ML755996.1:145205_A/G",1,1,1,1,0,"ML755996.1",145205,"2891","BKA90DRAFT_136681","synonymous","CCT","CCC","P","P"
"ML756003.1:96908_T/C",1,1,1,1,0,"ML756003.1",96908,"3534","BKA90DRAFT_19697","nonsynonymous","GAT","GGT","D","G"
"ML756005.1:161263_A/ATCTCTCAGATCAACGACGGCCAGATCCAGGCTCCCAAGTCTACCGCTGCTCCTGCCCCCGCCCCCAAGGAGACTGCCCAGGCTCCTG",1,1,1,1,1,"ML756005.1",161263,"3661","BKA90DRAFT_168697","nonsynonymous","ATC","ATCTCTCAGATCAACGACGGCCAGATCCAGGCTCCCAAGTCTACCGCTGCTCCTGCCCCCGCCCCCAAGGAGACTGCCCAGGCTCCTGTC","I","ISQINDGQIQAPKSTAAPAPAPKETAQAPV"
"ML756005.1:161280_C/T",1,1,1,1,1,"ML756005.1",161280,"3661","BKA90DRAFT_168697","synonymous","GAC","GAT","D","D"
"ML756008.1:9483_C/T",1,1,1,1,0,"ML756008.1",9483,"3866","BKA90DRAFT_23183","nonsynonymous","ACT","ATT","T","I"
"ML756010.1:94663_A/AC",1,0,1,0,0,"ML756010.1",94663,"4031","BKA90DRAFT_174726","frameshift","TAC","TACC","",""
"ML756011.1:11328_C/A",1,1,1,1,0,"ML756011.1",11328,"4080","BKA90DRAFT_138635","nonsynonymous","TTC","TTA","F","L"
"ML756012.1:182574_C/G",1,1,1,1,0,"ML756012.1",182574,"4209","BKA90DRAFT_25851","nonsynonymous","CGC","CCC","R","P"
"ML756014.1:135505_C/A",1,0,0,0,0,"ML756014.1",135505,"4302","BKA90DRAFT_169240","synonymous","CTC","CTA","L","L"
"ML756016.1:129794_A/G",1,1,1,1,0,"ML756016.1",129794,"4473","BKA90DRAFT_100026","synonymous","TTT","TTC","F","F"
"ML756019.1:96052_A/AGAGGGCTTGGCACCCTCACCAGCGCCAGGAGCACCGGGAGCAGAGCCG",1,1,1,1,1,"ML756019.1",96052,"4644","BKA90DRAFT_30249","nonsynonymous","TCT","TCCGGCTCTGCTCCCGGTGCTCCTGGCGCTGGTGAGGGTGCCAAGCCCTCT","S","SGSAPGAPGAGEGAKPS"
"ML756021.1:135584_A/G",1,1,1,1,1,"ML756021.1",135584,"4788","BKA90DRAFT_114945","synonymous","ATT","ATC","I","I"
"ML756021.1:135608_A/G",1,1,1,1,1,"ML756021.1",135608,"4788","BKA90DRAFT_114945","synonymous","GGT","GGC","G","G"
"ML756025.1:148619_A/T",1,1,1,1,1,"ML756025.1",148619,"4993","BKA90DRAFT_140130","nonsynonymous","AGT","AGA","S","R"
"ML756039.1:830_A/G",1,1,1,1,1,"ML756039.1",830,"5641","BKA90DRAFT_130786","nonsynonymous","TCT","CCT","S","P"
"ML756044.1:44621_C/CTGCTGCTGT",1,1,1,1,1,"ML756044.1",44621,"5822","BKA90DRAFT_170461","nonsynonymous","CAG","CAACAGCAGCAG","Q","QQQQ"
"ML756045.1:62600_A/G",1,1,1,1,0,"ML756045.1",62600,"5847","BKA90DRAFT_141549","nonsynonymous","ACA","GCA","T","A"
"ML756046.1:69832_CTGCTGCTGCTGCTGT/C",1,1,1,1,0,"ML756046.1",69832,"5910","BKA90DRAFT_141620","nonsynonymous","CAACAGCAGCAGCAGCAG","CAG","QQQQQQ","Q"
"ML756050.1:97202_TTTTTTTTTTTTTTTTTTTTTTTTTTTTTTTTTTTA/T",0,0,0,1,0,"ML756050.1",97202,"6050","BKA90DRAFT_43958","frameshift","TTTTTTTTTTTTTTTTTTTTTTTTTTTTTTTTTTTTATT","TTTT","",""
"ML756051.1:97980_A/AAGCACC",1,1,1,1,1,"ML756051.1",97980,"6080","BKA90DRAFT_141937","nonsynonymous","ATG","AAGCACCTG","M","KHL"
"ML756051.1:98097_G/A",1,1,1,1,0,"ML756051.1",98097,"6080","BKA90DRAFT_141937","nonsynonymous","GCT","ACT","A","T"
"ML756051.1:98142_G/A",1,1,1,1,0,"ML756051.1",98142,"6080","BKA90DRAFT_141937","nonsynonymous","GCT","ACT","A","T"
"ML756051.1:98192_A/C",1,1,1,1,1,"ML756051.1",98192,"6080","BKA90DRAFT_141937","synonymous","TCA","TCC","S","S"
"ML756051.1:98397_A/G",1,1,1,1,0,"ML756051.1",98397,"6080","BKA90DRAFT_141937","nonsynonymous","AAC","GAC","N","D"
"ML756063.1:46663_C/G",1,1,1,1,0,"ML756063.1",46663,"6411","BKA90DRAFT_149324","nonsynonymous","TTC","TTG","F","L"
"ML756065.1:411_G/T",1,NA,1,1,1,"ML756065.1",411,"6443","BKA90DRAFT_47813","synonymous","CTG","CTT","L","L"
"ML756065.1:414_C/T",1,NA,1,1,1,"ML756065.1",414,"6443","BKA90DRAFT_47813","synonymous","TAC","TAT","Y","Y"
"ML756065.1:2091_C/CTCTGGCTCTGGCTCT",1,1,1,1,1,"ML756065.1",2091,"6443","BKA90DRAFT_47813","nonsynonymous","GGC","GGCTCTGGCTCTGGCTCT","G","GSGSGS"
"ML756066.1:10001_T/C",1,1,1,1,0,"ML756066.1",10001,"6470","BKA90DRAFT_142577","nonsynonymous","TTC","TCC","F","S"
"ML756086.1:45198_G/A",1,1,1,1,0,"ML756086.1",45198,"6889","BKA90DRAFT_4772","nonsynonymous","CTT","TTT","L","F"
"ML756095.1:27049_A/AGGGTCCTTGGGGTCCCAGTGGTGCTCGGGGTCCTTGGGGTCGACAGGGTCCTTGGGGTCCCAGTGGTGCTCG",1,1,1,1,1,"ML756095.1",27049,"7035","BKA90DRAFT_5638","nonsynonymous","CCT","CCCGAGCACCACTGGGACCCCAAGGACCCTGTCGACCCCAAGGACCCCGAGCACCACTGGGACCCCAAGGACCCT","P","PEHHWDPKDPVDPKDPEHHWDPKDP"
"ML756097.1:22380_G/GCCCCGAGATGGA",1,1,1,1,1,"ML756097.1",22380,"7059","BKA90DRAFT_105338","nonsynonymous","ATG","ATGCCCCGAGATGGA","M","MPRDG"
"ML756101.1:143_C/CGCCTCTTCCACTGGCGGAGCCGATGCCTCTTCCACTGGCGACTCTGGCGCCTCTTCCACTGGCGGAGCCGATGCCTCTTCCACTGGCGGAGCCGATGCCTCTTCCACTGGCGGAGCCGAT",1,1,NA,NA,1,"ML756101.1",143,"7101","BKA90DRAFT_171513","nonsynonymous","GCG","GCGCCTCTTCCACTGGCGGAGCCGATGCCTCTTCCACTGGCGACTCTGGCGCCTCTTCCACTGGCGGAGCCGATGCCTCTTCCACTGGCGGAGCCGATGCCTCTTCCACTGGCGGAGCCGATG","A","APLPLAEPMPLPLATLAPLPLAEPMPLPLAEPMPLPLAEPM"
"ML756101.1:1241_C/CTCTGACGGTTCCAACGGCAACGGCTCTGATGGAAACGGCAACGGCTCTGACGGTTCCAACGGCAACGGCTCTGATGGTTCCAACGGCAACGGA",0,0,1,0,1,"ML756101.1",1241,"7101","BKA90DRAFT_171513","nonsynonymous","GCT","GCTCTGACGGTTCCAACGGCAACGGCTCTGATGGAAACGGCAACGGCTCTGACGGTTCCAACGGCAACGGCTCTGATGGTTCCAACGGCAACGGAT","A","ALTVPTATALMETATALTVPTATALMVPTATD"
"ML756135.1:611_C/CTCTGCCCGTCACGACCACTGA",0,0,0,1,0,"ML756135.1",611,"7300","BKA90DRAFT_165592","nonsynonymous","ACT","ACTCTGCCCGTCACGACCACTGAT","T","TLPVTTTD"
"ML756135.1:615_T/C",NA,NA,NA,1,NA,"ML756135.1",615,"7300","BKA90DRAFT_165592","synonymous","GCT","GCC","A","A"
"ML756135.1:627_T/A",NA,NA,NA,1,NA,"ML756135.1",627,"7300","BKA90DRAFT_165592","synonymous","GGT","GGA","G","G"
"ML756135.1:633_T/C",0,0,0,1,0,"ML756135.1",633,"7300","BKA90DRAFT_165592","synonymous","ACT","ACC","T","T"
"ML756135.1:651_C/A",NA,NA,NA,1,NA,"ML756135.1",651,"7300","BKA90DRAFT_165592","synonymous","ACC","ACA","T","T"
"ML756135.1:660_T/A",NA,0,NA,1,NA,"ML756135.1",660,"7300","BKA90DRAFT_165592","synonymous","GGT","GGA","G","G"
"ML756135.1:681_T/A",NA,NA,0,NA,1,"ML756135.1",681,"7300","BKA90DRAFT_165592","synonymous","GGT","GGA","G","G"
"ML755977.1:212109_C/T",1,1,1,1,0,NA,NA,NA,NA,NA,NA,NA,NA,NA
"ML755977.1:237488_TAAAAAAAAAAAAAA/T",1,1,1,1,0,NA,NA,NA,NA,NA,NA,NA,NA,NA
"ML755977.1:237488_TAAAAAAAAAAAAAA/TA",0,0,0,0,1,NA,NA,NA,NA,NA,NA,NA,NA,NA
"ML755977.1:351610_G/GT",1,1,1,0,1,NA,NA,NA,NA,NA,NA,NA,NA,NA
"ML755977.1:351610_G/GTT",0,0,0,1,0,NA,NA,NA,NA,NA,NA,NA,NA,NA
"ML755977.1:601795_T/TC",1,1,1,1,1,NA,NA,NA,NA,NA,NA,NA,NA,NA
"ML756000.1:57826_GTTT/GTT",0,0,0,0,1,NA,NA,NA,NA,NA,NA,NA,NA,NA
"ML755978.1:454603_GAT/G",1,1,1,1,0,NA,NA,NA,NA,NA,NA,NA,NA,NA
"ML755979.1:143345_GC/G",0,0,0,1,0,NA,NA,NA,NA,NA,NA,NA,NA,NA
"ML755979.1:299010_CTTT/C",1,1,1,1,1,NA,NA,NA,NA,NA,NA,NA,NA,NA
"ML755979.1:348481_CAAA/C",1,1,1,1,1,NA,NA,NA,NA,NA,NA,NA,NA,NA
"ML756001.1:93548_GAAAAAAAAAAAAAAAAAAAAAAAAAAAAAAAAAAAAAACAAAAAAA/G",1,1,1,1,1,NA,NA,NA,NA,NA,NA,NA,NA,NA
"ML756001.1:113437_C/G",NA,NA,1,NA,NA,NA,NA,NA,NA,NA,NA,NA,NA,NA
"ML756001.1:196467_G/GT",1,1,1,1,0,NA,NA,NA,NA,NA,NA,NA,NA,NA
"ML755980.1:222545_T/TTGTGTGTGTGTGTGTGTGTGTGTGTGTGTGTGTGTGTGTGTGTGTGTGTGTGTGTGTGTGTG",0,1,0,0,0,NA,NA,NA,NA,NA,NA,NA,NA,NA
"ML755980.1:222545_T/TTGTGTGTGTGTGTGTGTGTGTGTGTGTGTGTGTGTGTGTGTGTGTGTGTGTGTGTGTGTGTGTGTG",0,0,0,1,0,NA,NA,NA,NA,NA,NA,NA,NA,NA
"ML755980.1:306087_A/AAGTGAGTTGAGTGAGTTGAGTGAGTTGAGTGAGTTG",1,1,1,1,1,NA,NA,NA,NA,NA,NA,NA,NA,NA
"ML755980.1:376513_AAT/A",1,1,1,1,0,NA,NA,NA,NA,NA,NA,NA,NA,NA
"ML755980.1:403445_A/AG",1,1,1,1,1,NA,NA,NA,NA,NA,NA,NA,NA,NA
"ML755980.1:408210_T/TAAATAAAATAAATAAAATAAATAAAATAAATAAAATAAATAAAATAAATAAAATAAAATAAATAAAATAAATAAAATAAAATAAATAAATAAAATAAATAAAATAAATAAAATAAATAAAATA",1,1,1,1,1,NA,NA,NA,NA,NA,NA,NA,NA,NA
"ML755980.1:418024_A/AG",1,1,1,1,1,NA,NA,NA,NA,NA,NA,NA,NA,NA
"ML755980.1:458070_C/CAGAGAGAGAGAGAGAGAGAGAGAGAGAGAGAG",1,1,1,1,1,NA,NA,NA,NA,NA,NA,NA,NA,NA
"ML755980.1:467493_A/C",1,1,1,1,1,NA,NA,NA,NA,NA,NA,NA,NA,NA
"ML756004.1:82074_T/TA",1,1,1,1,1,NA,NA,NA,NA,NA,NA,NA,NA,NA
"ML755981.1:254576_TAAA/T",0,0,0,0,1,NA,NA,NA,NA,NA,NA,NA,NA,NA
"ML755981.1:254576_TAAA/TA",1,1,1,1,0,NA,NA,NA,NA,NA,NA,NA,NA,NA
"ML755981.1:356286_T/TCCCCCCCCCCCCCCCCCC",NA,NA,1,1,NA,NA,NA,NA,NA,NA,NA,NA,NA,NA
"ML755982.1:216828_G/T",0,1,0,0,0,NA,NA,NA,NA,NA,NA,NA,NA,NA
"ML755983.1:2204_T/C",1,1,1,1,1,NA,NA,NA,NA,NA,NA,NA,NA,NA
"ML755983.1:5677_AGC/A",1,1,1,1,1,NA,NA,NA,NA,NA,NA,NA,NA,NA
"ML755983.1:72891_CAAAAAAAA/C",1,1,1,1,1,NA,NA,NA,NA,NA,NA,NA,NA,NA
"ML755983.1:101591_GAAAAAA/G",1,1,1,1,1,NA,NA,NA,NA,NA,NA,NA,NA,NA
"ML755983.1:133836_T/TA",1,1,1,1,1,NA,NA,NA,NA,NA,NA,NA,NA,NA
"ML756007.1:100959_TAAAAAAAAAAAGAAAAAAAA/T",1,1,1,1,1,NA,NA,NA,NA,NA,NA,NA,NA,NA
"ML755983.1:371774_CAAAAACAAAAAAAAA/C",1,1,1,1,1,NA,NA,NA,NA,NA,NA,NA,NA,NA
"ML755984.1:71516_T/TGTACTGTTCGTGCTTGG",1,1,1,1,1,NA,NA,NA,NA,NA,NA,NA,NA,NA
"ML755984.1:180246_CT/C",1,1,1,1,1,NA,NA,NA,NA,NA,NA,NA,NA,NA
"ML755984.1:331674_CAAAA/C",1,1,1,1,1,NA,NA,NA,NA,NA,NA,NA,NA,NA
"ML755984.1:398824_G/A",1,1,1,1,1,NA,NA,NA,NA,NA,NA,NA,NA,NA
"ML755985.1:21948_C/CA",1,1,1,1,1,NA,NA,NA,NA,NA,NA,NA,NA,NA
"ML755985.1:46707_C/CTTTT",1,1,1,1,1,NA,NA,NA,NA,NA,NA,NA,NA,NA
"ML755985.1:89318_T/TTGAGAAGCCTACGCCCGAGAAGCCTACTCCTGAGGTTCC",1,1,1,1,1,NA,NA,NA,NA,NA,NA,NA,NA,NA
"ML755985.1:175619_A/G",1,1,1,1,0,NA,NA,NA,NA,NA,NA,NA,NA,NA
"ML755985.1:336970_T/TTC",1,1,1,1,1,NA,NA,NA,NA,NA,NA,NA,NA,NA
"ML755985.1:336972_T/TTTTTTTTTTTTTTCC",NA,1,1,1,1,NA,NA,NA,NA,NA,NA,NA,NA,NA
"ML755985.1:360894_T/TTTTTTTG",1,1,1,1,1,NA,NA,NA,NA,NA,NA,NA,NA,NA
"ML755985.1:368351_G/GGCTCTCTGGTGCTTGACTATGGCTGATCGGACGGGAAGCCGTATTTTCACCAGGATATGGCCGTAACC",1,1,1,1,1,NA,NA,NA,NA,NA,NA,NA,NA,NA
"ML755986.1:78915_G/GCCAGAGCCGGAGCCCTCAGATCCTGAACCAGAGCCAGAGCCAGAGCCGGAGCCCTCAGAACCTGAACCAGAGCCAGAGCCAGAGCCGGAGCCCTCAGAGCCAGAGCCAGAGCCAGAGCCGGAGCCGGAGCCCTCAGAACCTGAACCTGAACCTGAGCCAGAA",0,0,0,0,1,NA,NA,NA,NA,NA,NA,NA,NA,NA
"ML755986.1:78915_G/GCCAGAGCCGGAGCCCTCAGAACCTGAACCAGAGCCAGAGCCAGAGCCGGAGCCCTCAGAGCCAGAGCCAGAGCCAGAGCCGGAGCCGGAGCCCTCAGAACCTGAACCTGAACCTGAGCCAGAA",0,1,0,0,0,NA,NA,NA,NA,NA,NA,NA,NA,NA
"ML755986.1:78915_G/GCCAGAGCCGGAGCCCTCAGAACCTGAACCAGAGCCAGAGCCAGAGCCGGAGCCCTCAGAACCTGAACCAGAGCCAGAGCCAGAGCCGGAGCCCTCAGAGCCAGAGCCAGAGCCAGAGCCGGAGCCGGAGCCCTCAGAACCTGAACCTGAACCTGAGCCAGAA",1,0,0,0,0,NA,NA,NA,NA,NA,NA,NA,NA,NA
"ML755986.1:78915_G/GCCAGAGCCGGAGCCCTCAGAACCTGAACCAGAGCCAGAGCCAGAGCCGGAGCCCTCAGACCCTGAACCAGAGCCAGAGCCAGAGCCGGAGCCCTCAGAACCTGAACCAGAGCCAGAGCCAGAGCCGGAGCCCTCAGAGCCAGAGCCAGAGCCAGAGCCGGAGCCGGAGCCCTCAGAACCTGAACCTGAACCTGAGCCAGAA",0,0,1,0,0,NA,NA,NA,NA,NA,NA,NA,NA,NA
"ML755986.1:211825_G/GA",0,0,0,0,1,NA,NA,NA,NA,NA,NA,NA,NA,NA
"ML755986.1:211825_G/GAA",1,1,1,1,0,NA,NA,NA,NA,NA,NA,NA,NA,NA
"ML755986.1:315239_GAAAAAAAAAAAAAAAAAAAAAAAAAAAAAAAAAAAAAAAAAAAAAAAAAAAAAAAAAAAAAAAAAGAAAAA/G",1,1,1,1,1,NA,NA,NA,NA,NA,NA,NA,NA,NA
"ML755986.1:355200_G/GT",1,1,1,1,1,NA,NA,NA,NA,NA,NA,NA,NA,NA
"ML756013.1:139615_CTTTTTTTTTTTTTTTTTTTTTTTTTTTTTTTTTTTTT/C",1,1,1,1,1,NA,NA,NA,NA,NA,NA,NA,NA,NA
"ML755987.1:61044_G/GGT",0,1,0,0,1,NA,NA,NA,NA,NA,NA,NA,NA,NA
"ML755987.1:153848_CTTTTTTTTTTTTTTTTTTTTTTTTTGTTTTTTTTGCAAGGTGGG/C",1,1,1,1,1,NA,NA,NA,NA,NA,NA,NA,NA,NA
"ML755987.1:196851_GGTTTTTTTTTTTTTTTTTTTTT/G",1,1,1,1,1,NA,NA,NA,NA,NA,NA,NA,NA,NA
"ML755987.1:279108_GTTTTTTTTTTTTTTTTTTTTTTTTTT/G",1,1,1,1,1,NA,NA,NA,NA,NA,NA,NA,NA,NA
"ML755987.1:293097_CAAAAAAAAAAAAAAAAAAAAAGAAGATTGGGGGGGGGGCAA/C",1,1,1,1,1,NA,NA,NA,NA,NA,NA,NA,NA,NA
"ML755987.1:299385_CAA/C",1,0,0,0,0,NA,NA,NA,NA,NA,NA,NA,NA,NA
"ML755987.1:299385_CAA/CA",0,1,1,1,1,NA,NA,NA,NA,NA,NA,NA,NA,NA
"ML755987.1:347841_GTTTTTTTTTTTTTTTTTTTTTTTT/G",1,1,1,1,0,NA,NA,NA,NA,NA,NA,NA,NA,NA
"ML755987.1:347841_GTTTTTTTTTTTTTTTTTTTTTTTT/GT",0,0,0,0,1,NA,NA,NA,NA,NA,NA,NA,NA,NA
"ML755988.1:143190_A/AACACACAC",1,1,1,1,1,NA,NA,NA,NA,NA,NA,NA,NA,NA
"ML756016.1:54101_GAAAAA/G",0,0,0,0,1,NA,NA,NA,NA,NA,NA,NA,NA,NA
"ML755988.1:165449_CAAA/C",1,1,1,1,1,NA,NA,NA,NA,NA,NA,NA,NA,NA
"ML755988.1:165574_A/ACTTCCTTTTTTCTCTTTTTT",1,1,1,1,0,NA,NA,NA,NA,NA,NA,NA,NA,NA
"ML755988.1:238680_GAA/",0,0,1,0,0,NA,NA,NA,NA,NA,NA,NA,NA,NA
"ML755988.1:238680_GAA/G",0,0,0,1,0,NA,NA,NA,NA,NA,NA,NA,NA,NA
"ML755988.1:255331_A/C",1,1,1,1,0,NA,NA,NA,NA,NA,NA,NA,NA,NA
"ML755989.1:300633_T/A",0,0,0,0,1,NA,NA,NA,NA,NA,NA,NA,NA,NA
"ML756058.1:1473_A/ACACAGCAGATACAGCAGCCACAGCAGCCACAGCAGCCACAGCAGCCACAGCAGCCACAGCAGC",1,1,1,1,1,NA,NA,NA,NA,NA,NA,NA,NA,NA
"ML755990.1:102918_G/GTTATATTTATATTTATATTTATATTTATATTTATATTTATATTTATAT",0,0,0,0,1,NA,NA,NA,NA,NA,NA,NA,NA,NA
"ML755990.1:243244_T/C",1,1,1,1,0,NA,NA,NA,NA,NA,NA,NA,NA,NA
"ML755991.1:272715_CAAAAAAA/C",1,1,1,1,1,NA,NA,NA,NA,NA,NA,NA,NA,NA
"ML755992.1:65_T/A",1,0,NA,NA,NA,NA,NA,NA,NA,NA,NA,NA,NA,NA
"ML755992.1:65_T/C",0,1,NA,NA,NA,NA,NA,NA,NA,NA,NA,NA,NA,NA
"ML755992.1:87653_G/GA",1,1,1,1,1,NA,NA,NA,NA,NA,NA,NA,NA,NA
"ML755992.1:289742_C/T",1,1,1,1,0,NA,NA,NA,NA,NA,NA,NA,NA,NA
"ML755992.1:289793_A/C",1,1,1,1,0,NA,NA,NA,NA,NA,NA,NA,NA,NA
"ML755992.1:289876_T/C",1,1,1,1,0,NA,NA,NA,NA,NA,NA,NA,NA,NA
"ML755992.1:290208_A/G",1,1,1,1,1,NA,NA,NA,NA,NA,NA,NA,NA,NA
"ML755992.1:290255_C/T",1,1,1,1,1,NA,NA,NA,NA,NA,NA,NA,NA,NA
"ML755993.1:42829_A/AAAAAATAGTAATAGAATAAAAATAGTAATAGAAT",1,1,1,1,1,NA,NA,NA,NA,NA,NA,NA,NA,NA
"ML755993.1:109419_A/G",1,1,1,1,0,NA,NA,NA,NA,NA,NA,NA,NA,NA
"ML755993.1:151944_CTT/C",1,1,1,1,1,NA,NA,NA,NA,NA,NA,NA,NA,NA
"ML755993.1:225403_GAAA/G",1,1,1,1,1,NA,NA,NA,NA,NA,NA,NA,NA,NA
"ML755993.1:259939_TGGGG/T",1,1,1,1,1,NA,NA,NA,NA,NA,NA,NA,NA,NA
"ML755994.1:123_A/ATG",1,1,1,1,1,NA,NA,NA,NA,NA,NA,NA,NA,NA
"ML755994.1:42496_A/AC",1,1,1,1,1,NA,NA,NA,NA,NA,NA,NA,NA,NA
"ML755994.1:139618_A/C",1,1,1,1,1,NA,NA,NA,NA,NA,NA,NA,NA,NA
"ML755994.1:139619_A/G",1,1,1,1,1,NA,NA,NA,NA,NA,NA,NA,NA,NA
"ML755994.1:151700_GAAAA/G",0,0,0,0,1,NA,NA,NA,NA,NA,NA,NA,NA,NA
"ML755994.1:151700_GAAAA/GAA",1,1,1,1,0,NA,NA,NA,NA,NA,NA,NA,NA,NA
"ML756023.1:150496_T/TCACC",0,0,0,1,0,NA,NA,NA,NA,NA,NA,NA,NA,NA
"ML755995.1:27890_GAA/G",1,1,1,1,0,NA,NA,NA,NA,NA,NA,NA,NA,NA
"ML755995.1:27890_GAA/GA",0,0,0,0,1,NA,NA,NA,NA,NA,NA,NA,NA,NA
"ML755995.1:44050_CA/C",1,1,0,1,1,NA,NA,NA,NA,NA,NA,NA,NA,NA
"ML755995.1:52035_GTTT/G",1,1,1,1,1,NA,NA,NA,NA,NA,NA,NA,NA,NA
"ML755995.1:66230_A/AC",0,1,0,1,1,NA,NA,NA,NA,NA,NA,NA,NA,NA
"ML755995.1:66230_A/ACC",1,0,1,0,0,NA,NA,NA,NA,NA,NA,NA,NA,NA
"ML755995.1:73668_G/GT",0,1,1,1,0,NA,NA,NA,NA,NA,NA,NA,NA,NA
"ML756023.1:150578_A/T",1,1,NA,1,1,NA,NA,NA,NA,NA,NA,NA,NA,NA
"ML755995.1:87086_CAAAAAAAAAAAAA/C",1,1,1,1,1,NA,NA,NA,NA,NA,NA,NA,NA,NA
"ML755995.1:133330_T/C",1,1,1,1,0,NA,NA,NA,NA,NA,NA,NA,NA,NA
"ML755996.1:3710_A/C",1,1,1,1,0,NA,NA,NA,NA,NA,NA,NA,NA,NA
"ML755996.1:5457_CAAAA/C",0,0,1,0,0,NA,NA,NA,NA,NA,NA,NA,NA,NA
"ML755996.1:5457_CAAAA/CAAAAAA",0,0,0,1,1,NA,NA,NA,NA,NA,NA,NA,NA,NA
"ML755996.1:24947_A/AT",1,1,1,1,0,NA,NA,NA,NA,NA,NA,NA,NA,NA
"ML755996.1:52254_CT/C",1,1,1,1,0,NA,NA,NA,NA,NA,NA,NA,NA,NA
"ML755996.1:84411_G/GGA",1,1,1,1,1,NA,NA,NA,NA,NA,NA,NA,NA,NA
"ML756023.1:150690_A/C",1,1,1,1,1,NA,NA,NA,NA,NA,NA,NA,NA,NA
"ML755996.1:176694_GAAAAAAAAAAAAAAGAAAAAAAAAAAAAAAAAAAAAAAACAAAAAAAAAAAAAAAAAAAAAAAAAAAAAAAAAGGAAAAA/G",1,1,1,1,1,NA,NA,NA,NA,NA,NA,NA,NA,NA
"ML755996.1:199126_AT/A",1,1,1,1,1,NA,NA,NA,NA,NA,NA,NA,NA,NA
"ML755996.1:245165_A/T",NA,NA,NA,1,NA,NA,NA,NA,NA,NA,NA,NA,NA,NA
"ML755996.1:245190_A/C",NA,NA,NA,1,NA,NA,NA,NA,NA,NA,NA,NA,NA,NA
"ML755997.1:558_TAAAAAAAAAAAAAAAAAAAAAAA/T",1,1,1,1,1,NA,NA,NA,NA,NA,NA,NA,NA,NA
"ML755997.1:68844_GT/G",1,1,1,1,0,NA,NA,NA,NA,NA,NA,NA,NA,NA
"ML755997.1:76437_T/G",1,1,1,1,0,NA,NA,NA,NA,NA,NA,NA,NA,NA
"ML755997.1:76641_CTTTTTTTTTTTTTTTTTTTTTTTTTTTTT/C",1,1,1,1,1,NA,NA,NA,NA,NA,NA,NA,NA,NA
"ML755998.1:5728_GCC/G",1,1,1,1,1,NA,NA,NA,NA,NA,NA,NA,NA,NA
"ML756000.1:30911_GAAAAAA/G",1,1,1,1,1,NA,NA,NA,NA,NA,NA,NA,NA,NA
"ML756000.1:46299_CTTTTTTTTTTTTTTTTT/C",0,0,0,1,1,NA,NA,NA,NA,NA,NA,NA,NA,NA
"ML756000.1:57031_GA/G",0,0,0,0,1,NA,NA,NA,NA,NA,NA,NA,NA,NA
"ML756000.1:57826_GTTT/G",1,1,1,1,0,NA,NA,NA,NA,NA,NA,NA,NA,NA
"ML756026.1:23240_A/C",1,1,1,1,1,NA,NA,NA,NA,NA,NA,NA,NA,NA
"ML756000.1:234862_A/AGTCTGTGATTGTCTGTGATT",1,1,1,1,1,NA,NA,NA,NA,NA,NA,NA,NA,NA
"ML756001.1:43090_GA/G",1,0,0,0,0,NA,NA,NA,NA,NA,NA,NA,NA,NA
"ML756001.1:78982_TAAAAAAAAAAAAAAAAAAAAAAAAAAAAAAAAAAAAAAAA/T",1,1,1,1,1,NA,NA,NA,NA,NA,NA,NA,NA,NA
"ML756001.1:91052_CTTTTTTTTTTATTTTTTATTTTTATTTTTATTTTTATTTTTTATTTTTTTTTTTTTTTTTTTTTTTTTT/C",1,1,1,1,1,NA,NA,NA,NA,NA,NA,NA,NA,NA
"ML756029.1:11615_AT/A",1,1,1,1,0,NA,NA,NA,NA,NA,NA,NA,NA,NA
"ML756029.1:118710_CTTTTTTTTTTTTTTTTTTTTT/CT",1,0,0,0,0,NA,NA,NA,NA,NA,NA,NA,NA,NA
"ML756029.1:118710_CTTTTTTTTTTTTTTTTTTTTT/C",0,1,0,0,1,NA,NA,NA,NA,NA,NA,NA,NA,NA
"ML756001.1:196467_G/GTT",0,0,0,0,1,NA,NA,NA,NA,NA,NA,NA,NA,NA
"ML756001.1:235553_GGTTTTTTTTTTTTTTTTTTTTTTTTTTTTTTCCTTTTTTTGTTTTTCCCCTTTTTTTTTTGGTTTCTTGTA/G",1,1,1,1,1,NA,NA,NA,NA,NA,NA,NA,NA,NA
"ML756002.1:37041_C/CCA",1,1,1,1,0,NA,NA,NA,NA,NA,NA,NA,NA,NA
"ML756003.1:16734_G/GTT",0,0,0,0,1,NA,NA,NA,NA,NA,NA,NA,NA,NA
"ML756003.1:34758_T/TCAC",1,0,0,0,0,NA,NA,NA,NA,NA,NA,NA,NA,NA
"ML756003.1:34759_T/TCCA",NA,0,NA,1,0,NA,NA,NA,NA,NA,NA,NA,NA,NA
"ML756003.1:86962_ATTTTTTTTTT/A",1,1,1,1,1,NA,NA,NA,NA,NA,NA,NA,NA,NA
"ML756032.1:137986_C/A",1,1,1,1,1,NA,NA,NA,NA,NA,NA,NA,NA,NA
"ML756003.1:158038_A/G",1,1,1,1,0,NA,NA,NA,NA,NA,NA,NA,NA,NA
"ML756034.1:49022_GAAAAAAAAAAAAA/G",1,1,1,1,1,NA,NA,NA,NA,NA,NA,NA,NA,NA
"ML756005.1:703_T/C",1,1,1,1,1,NA,NA,NA,NA,NA,NA,NA,NA,NA
"ML756005.1:715_A/T",1,1,1,1,1,NA,NA,NA,NA,NA,NA,NA,NA,NA
"ML756005.1:17488_C/T",1,1,1,1,0,NA,NA,NA,NA,NA,NA,NA,NA,NA
"ML756005.1:70540_GAAAAAAAAAAAAAAAAAAAAAA/G",1,1,1,0,1,NA,NA,NA,NA,NA,NA,NA,NA,NA
"ML756005.1:82769_CAAAAAAAAAAAA/C",1,1,1,1,1,NA,NA,NA,NA,NA,NA,NA,NA,NA
"ML756038.1:42900_G/GTA",1,1,1,1,0,NA,NA,NA,NA,NA,NA,NA,NA,NA
"ML756039.1:146_T/C",1,1,1,1,1,NA,NA,NA,NA,NA,NA,NA,NA,NA
"ML756005.1:209425_A/ACCCCCCCC",0,1,NA,NA,NA,NA,NA,NA,NA,NA,NA,NA,NA,NA
"ML756007.1:33570_TAAAAAAAAAAAAAAAAAAAAAAAAAAAAAAAA/T",1,1,1,1,1,NA,NA,NA,NA,NA,NA,NA,NA,NA
"ML756039.1:37584_C/CA",1,1,1,1,0,NA,NA,NA,NA,NA,NA,NA,NA,NA
"ML756007.1:163056_CAAAAAAAAAA/C",1,1,1,0,0,NA,NA,NA,NA,NA,NA,NA,NA,NA
"ML756007.1:167242_TTTTTTTTTTTTTTTTTTTCCTTTTCTGGTTGTGAATTTTTTTTTTTTTGTTTTTG/T",1,1,0,1,1,NA,NA,NA,NA,NA,NA,NA,NA,NA
"ML756007.1:192538_CAAA/C",1,1,1,1,1,NA,NA,NA,NA,NA,NA,NA,NA,NA
"ML756008.1:336_T/TCCCCCCCCC",1,1,0,1,1,NA,NA,NA,NA,NA,NA,NA,NA,NA
"ML756008.1:336_T/C",0,0,1,0,0,NA,NA,NA,NA,NA,NA,NA,NA,NA
"ML756008.1:347_T/",1,1,0,1,1,NA,NA,NA,NA,NA,NA,NA,NA,NA
"ML756008.1:347_T/C",0,0,1,0,0,NA,NA,NA,NA,NA,NA,NA,NA,NA
"ML756042.1:38473_C/CAAAAAAAA",1,0,1,1,0,NA,NA,NA,NA,NA,NA,NA,NA,NA
"ML756008.1:97419_GTTTTTTTTTTTTTTTTTTTTTTTTTGGTTTTTTCTGGT/G",1,1,1,1,1,NA,NA,NA,NA,NA,NA,NA,NA,NA
"ML756008.1:206789_ATGTTGTTGTTGTTGTTGT/A",1,1,1,1,1,NA,NA,NA,NA,NA,NA,NA,NA,NA
"ML756009.1:111281_CA/C",1,1,1,1,1,NA,NA,NA,NA,NA,NA,NA,NA,NA
"ML756009.1:188361_A/AT",1,1,1,1,1,NA,NA,NA,NA,NA,NA,NA,NA,NA
"ML756010.1:18891_A/G",1,1,1,1,1,NA,NA,NA,NA,NA,NA,NA,NA,NA
"ML756043.1:108451_G/T",1,1,1,0,1,NA,NA,NA,NA,NA,NA,NA,NA,NA
"ML756010.1:119106_GT/G",1,0,1,0,0,NA,NA,NA,NA,NA,NA,NA,NA,NA
"ML756128.1:3749_A/G",1,1,1,1,1,NA,NA,NA,NA,NA,NA,NA,NA,NA
"ML756012.1:21236_T/TGTGTCG",1,1,1,1,1,NA,NA,NA,NA,NA,NA,NA,NA,NA
"ML756012.1:41115_GAAAAA/G",1,1,1,1,1,NA,NA,NA,NA,NA,NA,NA,NA,NA
"ML756012.1:120488_TA/T",0,0,0,0,1,NA,NA,NA,NA,NA,NA,NA,NA,NA
"ML756047.1:72712_TG/T",0,0,1,0,0,NA,NA,NA,NA,NA,NA,NA,NA,NA
"ML756013.1:108077_GTT/G",1,1,1,1,1,NA,NA,NA,NA,NA,NA,NA,NA,NA
"ML756048.1:13888_T/TGGG",0,0,0,1,0,NA,NA,NA,NA,NA,NA,NA,NA,NA
"ML756014.1:107072_ATC/A",1,1,1,1,0,NA,NA,NA,NA,NA,NA,NA,NA,NA
"ML756014.1:133597_A/AG",1,1,1,1,1,NA,NA,NA,NA,NA,NA,NA,NA,NA
"ML756014.1:133598_A/C",1,1,1,1,1,NA,NA,NA,NA,NA,NA,NA,NA,NA
"ML756014.1:133606_A/G",1,1,1,1,1,NA,NA,NA,NA,NA,NA,NA,NA,NA
"ML756014.1:133616_A/G",1,1,1,1,1,NA,NA,NA,NA,NA,NA,NA,NA,NA
"ML756014.1:133619_GAAAAAAAAAAAAAAAAAAAAAAAAAAAAAAAAAAAA/G",1,1,1,1,1,NA,NA,NA,NA,NA,NA,NA,NA,NA
"ML756050.1:96034_C/A",1,1,1,1,0,NA,NA,NA,NA,NA,NA,NA,NA,NA
"ML756014.1:163023_TAG/T",1,1,1,0,0,NA,NA,NA,NA,NA,NA,NA,NA,NA
"ML756015.1:64047_CT/C",1,1,1,1,0,NA,NA,NA,NA,NA,NA,NA,NA,NA
"ML756016.1:41777_GA/G",1,1,1,0,1,NA,NA,NA,NA,NA,NA,NA,NA,NA
"ML756129.1:2340_A/G",1,1,1,0,1,NA,NA,NA,NA,NA,NA,NA,NA,NA
"ML756016.1:54101_GAAAAA/GA",1,1,1,1,0,NA,NA,NA,NA,NA,NA,NA,NA,NA
"ML756129.1:2648_A/C",1,1,1,0,1,NA,NA,NA,NA,NA,NA,NA,NA,NA
"ML756017.1:52374_T/C",1,1,1,1,0,NA,NA,NA,NA,NA,NA,NA,NA,NA
"ML756018.1:5335_C/CAAA",1,1,1,1,1,NA,NA,NA,NA,NA,NA,NA,NA,NA
"ML756018.1:42025_G/C",1,1,1,1,0,NA,NA,NA,NA,NA,NA,NA,NA,NA
"ML756018.1:127909_CAAA/C",0,0,0,0,1,NA,NA,NA,NA,NA,NA,NA,NA,NA
"ML756131.1:318_T/C",1,1,1,1,1,NA,NA,NA,NA,NA,NA,NA,NA,NA
"ML756019.1:138234_CAAAAAAAAAA/C",1,1,1,1,1,NA,NA,NA,NA,NA,NA,NA,NA,NA
"ML756021.1:60838_A/G",1,1,1,1,0,NA,NA,NA,NA,NA,NA,NA,NA,NA
"ML756059.1:17808_T/TG",0,1,0,0,0,NA,NA,NA,NA,NA,NA,NA,NA,NA
"ML756059.1:17808_T/TGGGGGGGGGGGGGGGGGGGGGGGG",0,0,1,0,0,NA,NA,NA,NA,NA,NA,NA,NA,NA
"ML756022.1:97853_CTTTT/C",1,1,1,1,1,NA,NA,NA,NA,NA,NA,NA,NA,NA
"ML756022.1:125223_T/A",1,1,1,1,0,NA,NA,NA,NA,NA,NA,NA,NA,NA
"ML756022.1:152673_A/G",1,1,1,1,0,NA,NA,NA,NA,NA,NA,NA,NA,NA
"ML756023.1:59554_T/C",1,1,1,1,0,NA,NA,NA,NA,NA,NA,NA,NA,NA
"ML756023.1:113623_TAAAAAAAAAAAAAAAAAAAAA/T",1,0,1,0,1,NA,NA,NA,NA,NA,NA,NA,NA,NA
"ML756023.1:150344_C/T",NA,1,NA,0,0,NA,NA,NA,NA,NA,NA,NA,NA,NA
"ML756023.1:150397_C/CT",0,0,1,0,0,NA,NA,NA,NA,NA,NA,NA,NA,NA
"ML756023.1:150399_T/TC",0,0,0,1,0,NA,NA,NA,NA,NA,NA,NA,NA,NA
"ML756023.1:150445_T/A",0,0,1,0,0,NA,NA,NA,NA,NA,NA,NA,NA,NA
"ML756023.1:150445_T/C",1,1,0,1,1,NA,NA,NA,NA,NA,NA,NA,NA,NA
"ML756023.1:150447_A/C",NA,NA,0,1,NA,NA,NA,NA,NA,NA,NA,NA,NA,NA
"ML756023.1:150459_CAAT/C",0,0,0,1,0,NA,NA,NA,NA,NA,NA,NA,NA,NA
"ML756023.1:150464_C/CA",0,0,0,1,0,NA,NA,NA,NA,NA,NA,NA,NA,NA
"ML756023.1:150474_C/A",1,1,0,1,NA,NA,NA,NA,NA,NA,NA,NA,NA,NA
"ML756023.1:150479_T/TTC",1,1,1,1,1,NA,NA,NA,NA,NA,NA,NA,NA,NA
"ML756023.1:150480_A/C",1,1,1,1,1,NA,NA,NA,NA,NA,NA,NA,NA,NA
"ML756023.1:150486_G/A",1,1,1,1,1,NA,NA,NA,NA,NA,NA,NA,NA,NA
"ML756023.1:150495_A/C",1,1,1,1,1,NA,NA,NA,NA,NA,NA,NA,NA,NA
"ML756064.1:43829_CTTTTTTTTTTTTTTTTTTTTTTTTTTTTTTTTTTTTTTTTTTTTTTTTTTTTTTTGTTTT/C",1,1,1,1,1,NA,NA,NA,NA,NA,NA,NA,NA,NA
"ML756023.1:150498_G/GTT",1,1,1,1,1,NA,NA,NA,NA,NA,NA,NA,NA,NA
"ML756023.1:150503_GAA/G",1,1,1,1,0,NA,NA,NA,NA,NA,NA,NA,NA,NA
"ML756023.1:150506_C/CCA",1,1,1,1,0,NA,NA,NA,NA,NA,NA,NA,NA,NA
"ML756023.1:150544_C/CAA",1,1,1,1,1,NA,NA,NA,NA,NA,NA,NA,NA,NA
"ML756023.1:150546_GCA/G",1,1,1,1,1,NA,NA,NA,NA,NA,NA,NA,NA,NA
"ML756023.1:150571_T/C",1,1,NA,1,1,NA,NA,NA,NA,NA,NA,NA,NA,NA
"ML756023.1:150573_GAGAA/G",1,1,0,1,1,NA,NA,NA,NA,NA,NA,NA,NA,NA
"ML756069.1:64551_CAAAAA/C",1,1,1,1,1,NA,NA,NA,NA,NA,NA,NA,NA,NA
"ML756023.1:150586_G/C",1,1,NA,1,1,NA,NA,NA,NA,NA,NA,NA,NA,NA
"ML756023.1:150603_TC/T",1,0,0,1,0,NA,NA,NA,NA,NA,NA,NA,NA,NA
"ML756023.1:150607_T/C",1,0,NA,1,0,NA,NA,NA,NA,NA,NA,NA,NA,NA
"ML756023.1:150613_G/T",1,0,NA,1,0,NA,NA,NA,NA,NA,NA,NA,NA,NA
"ML756023.1:150617_T/C",1,0,NA,1,0,NA,NA,NA,NA,NA,NA,NA,NA,NA
"ML756023.1:150622_C/CCAACAA",1,0,0,1,0,NA,NA,NA,NA,NA,NA,NA,NA,NA
"ML756023.1:150675_CAA/C",1,1,1,1,1,NA,NA,NA,NA,NA,NA,NA,NA,NA
"ML756023.1:150680_TTC/T",1,1,1,1,1,NA,NA,NA,NA,NA,NA,NA,NA,NA
"ML756084.1:46417_A/ACGAAAAACAAAAACAGG",0,1,0,0,0,NA,NA,NA,NA,NA,NA,NA,NA,NA
"ML756024.1:35167_G/GTCGTCAAATATCATCAATATTCGTCAAATATCATCAATAT",1,1,1,1,1,NA,NA,NA,NA,NA,NA,NA,NA,NA
"ML756025.1:28191_T/TA",0,1,1,0,0,NA,NA,NA,NA,NA,NA,NA,NA,NA
"ML756025.1:54085_CAAA/C",1,1,1,1,1,NA,NA,NA,NA,NA,NA,NA,NA,NA
"ML756025.1:83955_T/C",1,1,1,1,0,NA,NA,NA,NA,NA,NA,NA,NA,NA
"ML756025.1:105349_T/A",1,1,1,1,0,NA,NA,NA,NA,NA,NA,NA,NA,NA
"ML756025.1:137403_GGTTTTTTTTTTTTTTTTTTTTTTTTTTTTTTTTTTTTTTTTTTTATATTTTTTTTTTTTTTTTTTTTTTTTTTTTTTTTTTTTTTTTTTTTTTTTTTTTGGTGA/G",0,1,0,1,1,NA,NA,NA,NA,NA,NA,NA,NA,NA
"ML756025.1:137404_GTTTTTTTTTTTTTTTTTTTTTTTTTTTTTTTTTTTTTTTTTTTATATTTTTTTTTTTTTTTTTTTTTTTTTTTTTTTTTTTTTTTTTTTTTTTTTTTTGGTGAGTT/GTTTTTTTTTTTTTTTTTTTTTATATTTTTTTTTTTTTTTTTTTTTTTTTTTTTTTTTTTTTTTTTTTTTTTTTTTTGGTGAGTT",1,0,0,0,0,NA,NA,NA,NA,NA,NA,NA,NA,NA
"ML756025.1:137404_GTTTTTTTTTTTTTTTTTTTTTTTTTTTTTTTTTTTTTTTTTTTATATTTTTTTTTTTTTTTTTTTTTTTTTTTTTTTTTTTTTTTTTTTTTTTTTTTTGGTGAGTT/",0,1,1,1,1,NA,NA,NA,NA,NA,NA,NA,NA,NA
"ML756025.1:137450_ATTTTTTTTTTTTTTTTTTTTTTTTTTTTTTTTTTTTTTTTTTTTTTTTTTTTGGTGAGTTTTTTTTTTTTTTTTTTTTTATAT/A",1,NA,NA,0,NA,NA,NA,NA,NA,NA,NA,NA,NA,NA
"ML756025.1:137450_ATTTTTTTTTTTTTTTTTTTTTTTTTTTTTTTTTTTTTTTTTTTTTTTTTTTTGGTGAGTTTTTTTTTTTTTTTTTTTTTATAT/",0,NA,NA,1,NA,NA,NA,NA,NA,NA,NA,NA,NA,NA
"ML756087.1:36897_G/A",1,1,1,1,0,NA,NA,NA,NA,NA,NA,NA,NA,NA
"ML756026.1:23234_A/AT",1,1,1,1,1,NA,NA,NA,NA,NA,NA,NA,NA,NA
"ML756026.1:23238_CA/C",1,1,1,1,1,NA,NA,NA,NA,NA,NA,NA,NA,NA
"ML756043.1:108415_G/T",1,1,1,0,1,NA,NA,NA,NA,NA,NA,NA,NA,NA
"ML756026.1:121265_T/C",1,1,1,1,1,NA,NA,NA,NA,NA,NA,NA,NA,NA
"ML756028.1:30383_G/GAA",1,1,1,1,0,NA,NA,NA,NA,NA,NA,NA,NA,NA
"ML756028.1:99252_C/CAGTCGTCTTCTCCTAGTCGTCTTCTCCTAGTCGTCTTCTCCTAGTCGTCTTCTCCTAGTCGTCTTCTCCTAGTCGTCTTCTCCT",0,0,0,0,1,NA,NA,NA,NA,NA,NA,NA,NA,NA
"ML756028.1:131409_T/TTATTTATATTTA",1,1,1,1,0,NA,NA,NA,NA,NA,NA,NA,NA,NA
"ML756100.1:31375_G/A",1,1,1,1,1,NA,NA,NA,NA,NA,NA,NA,NA,NA
"ML756100.1:31377_C/T",1,1,1,1,1,NA,NA,NA,NA,NA,NA,NA,NA,NA
"ML756100.1:31393_CT/C",1,1,1,1,1,NA,NA,NA,NA,NA,NA,NA,NA,NA
"ML756029.1:146941_G/T",1,1,1,1,0,NA,NA,NA,NA,NA,NA,NA,NA,NA
"ML756029.1:146976_G/A",1,1,NA,1,0,NA,NA,NA,NA,NA,NA,NA,NA,NA
"ML756029.1:147055_T/C",1,1,1,1,1,NA,NA,NA,NA,NA,NA,NA,NA,NA
"ML756030.1:88985_CTTTTTTTTTTTTTTTTTTTTTTTCCCTTTT/C",1,1,1,1,1,NA,NA,NA,NA,NA,NA,NA,NA,NA
"ML756030.1:140784_CTTT/C",1,1,1,1,1,NA,NA,NA,NA,NA,NA,NA,NA,NA
"ML756032.1:56754_A/AAT",0,0,0,0,1,NA,NA,NA,NA,NA,NA,NA,NA,NA
"ML756032.1:93259_T/G",NA,1,NA,NA,0,NA,NA,NA,NA,NA,NA,NA,NA,NA
"ML756100.1:31590_T/A",1,1,1,1,1,NA,NA,NA,NA,NA,NA,NA,NA,NA
"ML756032.1:137999_G/A",1,1,1,1,1,NA,NA,NA,NA,NA,NA,NA,NA,NA
"ML756100.1:31639_A/C",1,1,1,1,1,NA,NA,NA,NA,NA,NA,NA,NA,NA
"ML756034.1:117796_CAAAAAAAAAAA/C",1,1,1,1,1,NA,NA,NA,NA,NA,NA,NA,NA,NA
"ML756035.1:124210_T/TTGTAGAAGAGTGCACATGAATGTCAACACTCCCCTAC",1,1,1,1,1,NA,NA,NA,NA,NA,NA,NA,NA,NA
"ML756036.1:124897_T/TTG",1,1,1,1,1,NA,NA,NA,NA,NA,NA,NA,NA,NA
"ML756036.1:124899_GTA/G",1,1,1,1,1,NA,NA,NA,NA,NA,NA,NA,NA,NA
"ML756037.1:4977_GAGATTAAAAAAAAAAAAAAA/G",1,1,1,1,1,NA,NA,NA,NA,NA,NA,NA,NA,NA
"ML756100.1:31721_G/C",1,1,1,1,1,NA,NA,NA,NA,NA,NA,NA,NA,NA
"ML756100.1:31722_T/C",1,1,1,1,1,NA,NA,NA,NA,NA,NA,NA,NA,NA
"ML756039.1:164_C/T",1,1,1,1,1,NA,NA,NA,NA,NA,NA,NA,NA,NA
"ML756057.1:1514_TGGG/T",1,0,1,1,1,NA,NA,NA,NA,NA,NA,NA,NA,NA
"ML756131.1:290_C/A",1,1,1,1,1,NA,NA,NA,NA,NA,NA,NA,NA,NA
"ML756039.1:62494_GTTTTTTTTTTTTTTTTTTTTTTTTTTTTTTT/G",0,0,0,0,1,NA,NA,NA,NA,NA,NA,NA,NA,NA
"ML756039.1:62494_GTTTTTTTTTTTTTTTTTTTTTTTTTTTTTTT/GT",1,1,1,1,0,NA,NA,NA,NA,NA,NA,NA,NA,NA
"ML756039.1:71799_GTTTTTTTTTTTTTTTTTTTTTTTTTATATTTATTTTTTTGTTTT/G",0,1,0,0,0,NA,NA,NA,NA,NA,NA,NA,NA,NA
"ML756039.1:71799_GTTTTTTTTTTTTTTTTTTTTTTTTTATATTTATTTTTTTGTTTT/GT",1,0,1,1,1,NA,NA,NA,NA,NA,NA,NA,NA,NA
"ML756040.1:18576_CAA/C",1,1,1,1,1,NA,NA,NA,NA,NA,NA,NA,NA,NA
"ML756042.1:20584_CAAAAAAAAAAAAAAAAAGGAAAAAAAAAAAAAAAAAAAAAAAAAAAAAAAAAAAAAAGA/C",1,1,1,1,1,NA,NA,NA,NA,NA,NA,NA,NA,NA
"ML756042.1:38473_C/CAAAAAAA",0,1,0,0,1,NA,NA,NA,NA,NA,NA,NA,NA,NA
"ML756109.1:597_CACG/C",1,1,1,0,1,NA,NA,NA,NA,NA,NA,NA,NA,NA
"ML756042.1:85412_A/AGAAGAGAAGGG",1,1,1,1,1,NA,NA,NA,NA,NA,NA,NA,NA,NA
"ML756043.1:108278_A/G",1,0,1,0,0,NA,NA,NA,NA,NA,NA,NA,NA,NA
"ML756043.1:108281_A/C",1,0,1,0,0,NA,NA,NA,NA,NA,NA,NA,NA,NA
"ML756043.1:108406_C/T",1,1,1,0,1,NA,NA,NA,NA,NA,NA,NA,NA,NA
"ML756134.1:1199_A/G",1,1,1,1,1,NA,NA,NA,NA,NA,NA,NA,NA,NA
"ML756128.1:3177_T/TTAA",0,0,0,0,1,NA,NA,NA,NA,NA,NA,NA,NA,NA
"ML756043.1:108453_T/C",1,1,1,0,1,NA,NA,NA,NA,NA,NA,NA,NA,NA
"ML756064.1:129_G/A",0,0,0,NA,1,NA,NA,NA,NA,NA,NA,NA,NA,NA
"ML756128.1:3762_C/T",1,1,1,1,1,NA,NA,NA,NA,NA,NA,NA,NA,NA
"ML756046.1:15624_CTTTTTTTTTTTTT/C",0,1,1,1,1,NA,NA,NA,NA,NA,NA,NA,NA,NA
"ML756129.1:746_C/T",1,0,1,1,1,NA,NA,NA,NA,NA,NA,NA,NA,NA
"ML756129.1:849_A/G",1,1,1,1,1,NA,NA,NA,NA,NA,NA,NA,NA,NA
"ML756047.1:89606_GTTTTTTTTTTTTTTTTTTTTTTTTTTTTTTTTTTTTTTTTTTTTTTTTTTTTTCCTTTTT/G",1,1,1,1,1,NA,NA,NA,NA,NA,NA,NA,NA,NA
"ML756129.1:1150_CA/C",1,1,1,1,1,NA,NA,NA,NA,NA,NA,NA,NA,NA
"ML756048.1:33081_CTTTTTTTTTTTTTTTTTTTTTTTTTTTTTTTTTTTTT/C",1,1,1,1,1,NA,NA,NA,NA,NA,NA,NA,NA,NA
"ML756048.1:33130_T/C",1,1,1,1,1,NA,NA,NA,NA,NA,NA,NA,NA,NA
"ML756049.1:53775_CAAAAAAAAAAAAAAAAAAAAAAAACCCAAAAA/C",1,1,1,1,1,NA,NA,NA,NA,NA,NA,NA,NA,NA
"ML756050.1:18176_GT/G",1,1,1,1,0,NA,NA,NA,NA,NA,NA,NA,NA,NA
"ML756050.1:21904_CTTTTTTTTTTTTTTTTTTTTTTTTTTTTTTTTTTTTTTTTTTTTTTTTTTTGGGGGGTTTTTTTGGTTTT/C",1,1,1,1,1,NA,NA,NA,NA,NA,NA,NA,NA,NA
"ML756050.1:46902_G/T",1,1,1,1,0,NA,NA,NA,NA,NA,NA,NA,NA,NA
"ML756129.1:1468_C/T",1,1,1,1,1,NA,NA,NA,NA,NA,NA,NA,NA,NA
"ML756129.1:1802_C/T",1,1,1,1,1,NA,NA,NA,NA,NA,NA,NA,NA,NA
"ML756051.1:3943_CAAAAAAAAAA/C",1,1,1,1,1,NA,NA,NA,NA,NA,NA,NA,NA,NA
"ML756129.1:1832_T/TGTAC",1,0,1,1,1,NA,NA,NA,NA,NA,NA,NA,NA,NA
"ML756074.1:28848_GAT/G",0,1,1,1,0,NA,NA,NA,NA,NA,NA,NA,NA,NA
"ML756129.1:2586_T/C",1,1,1,0,1,NA,NA,NA,NA,NA,NA,NA,NA,NA
"ML756077.1:54_TAAAAAAAAAAAAAAAAAAGAGAAAAAAAAAA/T",1,1,1,1,1,NA,NA,NA,NA,NA,NA,NA,NA,NA
"ML756130.1:529_T/TA",0,0,1,1,1,NA,NA,NA,NA,NA,NA,NA,NA,NA
"ML756053.1:38607_ATTTTTTTT/A",0,0,0,0,1,NA,NA,NA,NA,NA,NA,NA,NA,NA
"ML756053.1:38607_ATTTTTTTT/AT",1,1,1,1,0,NA,NA,NA,NA,NA,NA,NA,NA,NA
"ML756084.1:36515_C/T",0,0,0,1,0,NA,NA,NA,NA,NA,NA,NA,NA,NA
"ML756091.1:636_T/TGGCTCTGATTCTGGCTCTGGTTCCGGCTCCGGTTCTGGATCTGGCTCA",1,1,1,1,1,NA,NA,NA,NA,NA,NA,NA,NA,NA
"ML756058.1:11962_A/G",1,1,1,1,0,NA,NA,NA,NA,NA,NA,NA,NA,NA
"ML756059.1:17808_T/TGGGGGGGGGGGGGGGGGGGGG",0,0,0,1,0,NA,NA,NA,NA,NA,NA,NA,NA,NA
"ML756131.1:771_T/A",1,1,1,1,1,NA,NA,NA,NA,NA,NA,NA,NA,NA
"ML756131.1:993_T/G",1,1,1,1,1,NA,NA,NA,NA,NA,NA,NA,NA,NA
"ML756060.1:38496_G/GT",1,1,1,1,1,NA,NA,NA,NA,NA,NA,NA,NA,NA
"ML756060.1:47238_C/",1,1,0,NA,0,NA,NA,NA,NA,NA,NA,NA,NA,NA
"ML756060.1:47238_C/CGGGGGGGGGGGGGGGGGGGGGGG",0,0,1,NA,0,NA,NA,NA,NA,NA,NA,NA,NA,NA
"ML756060.1:47238_C/CGGGGG",0,0,0,NA,1,NA,NA,NA,NA,NA,NA,NA,NA,NA
"ML756060.1:47239_C/CGGGGGGGGGGGGGGGGGGGGGGG",0,0,1,0,0,NA,NA,NA,NA,NA,NA,NA,NA,NA
"ML756060.1:47239_C/CGGGGG",0,0,0,0,1,NA,NA,NA,NA,NA,NA,NA,NA,NA
"ML756061.1:58137_CTTTTTTTTTTTTTTTTTTTTTTTTTTTTTATATTTTTTTTTTTTTTTTCTTTT/C",0,0,0,0,1,NA,NA,NA,NA,NA,NA,NA,NA,NA
"ML756061.1:58137_CTTTTTTTTTTTTTTTTTTTTTTTTTTTTTATATTTTTTTTTTTTTTTTCTTTT/CT",1,1,1,1,0,NA,NA,NA,NA,NA,NA,NA,NA,NA
"ML756100.1:31488_G/A",1,1,1,1,1,NA,NA,NA,NA,NA,NA,NA,NA,NA
"ML756063.1:66092_CTTTTTTTTTTTTTTTTTTTTTTTTTTTTTAATAGTCCCTTT/C",1,1,1,1,1,NA,NA,NA,NA,NA,NA,NA,NA,NA
"ML756063.1:68799_GTTTTTTTTTTTTTTTTTTTTTTTTTTTTTTTTTTTTTTTTTTTTTTTTTTTTTTTTTTTTTTTTTTT/G",0,1,0,1,1,NA,NA,NA,NA,NA,NA,NA,NA,NA
"ML756100.1:31283_T/C",1,1,1,1,1,NA,NA,NA,NA,NA,NA,NA,NA,NA
"ML756064.1:682_A/G",1,NA,1,1,0,NA,NA,NA,NA,NA,NA,NA,NA,NA
"ML756064.1:695_C/T",1,NA,1,1,0,NA,NA,NA,NA,NA,NA,NA,NA,NA
"ML756064.1:15967_G/A",1,1,1,1,1,NA,NA,NA,NA,NA,NA,NA,NA,NA
"ML756064.1:15969_T/G",1,1,1,1,1,NA,NA,NA,NA,NA,NA,NA,NA,NA
"ML756064.1:21055_CTTTTTTTTTTTTTTTTTTTTTTTTTTTTTTTTTTTTTTTTTTTTTTTTTTAAAAAATTATTTTTTTTTTTTTTTTTTTTTTTTT/C",1,1,1,1,1,NA,NA,NA,NA,NA,NA,NA,NA,NA
"ML756064.1:38802_C/CAA",1,1,1,1,1,NA,NA,NA,NA,NA,NA,NA,NA,NA
"ML756100.1:31430_A/G",1,1,1,1,1,NA,NA,NA,NA,NA,NA,NA,NA,NA
"ML756100.1:31437_A/G",1,1,1,1,1,NA,NA,NA,NA,NA,NA,NA,NA,NA
"ML756100.1:31450_G/A",1,1,1,1,1,NA,NA,NA,NA,NA,NA,NA,NA,NA
"ML756100.1:31762_G/A",1,1,1,1,1,NA,NA,NA,NA,NA,NA,NA,NA,NA
"ML756137.1:386_A/T",1,1,1,1,1,NA,NA,NA,NA,NA,NA,NA,NA,NA
"ML756068.1:67677_GAAAAAAAAAAAAAAAAAAAAAAAAAAATTTAAAATTTAAAAAAAA/G",1,1,1,1,1,NA,NA,NA,NA,NA,NA,NA,NA,NA
"ML756069.1:7563_C/G",1,1,1,1,0,NA,NA,NA,NA,NA,NA,NA,NA,NA
"ML756069.1:48270_GTTT/G",1,1,0,1,0,NA,NA,NA,NA,NA,NA,NA,NA,NA
"ML756141.1:493_AC/A",1,1,1,1,1,NA,NA,NA,NA,NA,NA,NA,NA,NA
"ML756071.1:32354_C/CT",1,1,1,1,0,NA,NA,NA,NA,NA,NA,NA,NA,NA
"ML756100.1:31650_G/A",1,1,1,1,1,NA,NA,NA,NA,NA,NA,NA,NA,NA
"ML756074.1:39434_CTTTTTTTTTTTTTTTTTTTTTTTTTTTTGTTTTTTTTTTTTTTTTTTTTT/C",1,1,1,1,1,NA,NA,NA,NA,NA,NA,NA,NA,NA
"ML756100.1:31681_A/G",1,1,1,1,1,NA,NA,NA,NA,NA,NA,NA,NA,NA
"ML756080.1:37046_TTATTTTATTTTATTTTATTTTATTTTATTTTATTTTATTTTATTTTTTATTTCTTGAG/T",1,0,0,1,0,NA,NA,NA,NA,NA,NA,NA,NA,NA
"ML756081.1:511_A/C",1,1,1,1,1,NA,NA,NA,NA,NA,NA,NA,NA,NA
"ML756082.1:2061_A/ACTCAGGCTCTGGCTCAGGCGACTCAGGCTCAGGCTCTAATGGATCAGGCTCTGGCGACTCAGGCTCAGGCTCAGGCTCGGGCTCTAGTGATTCCGGCTCTGGTGGATCAGGCTCAGG",1,0,1,0,1,NA,NA,NA,NA,NA,NA,NA,NA,NA
"ML756089.1:20962_G/GTGGGAATAAA",1,1,1,1,1,NA,NA,NA,NA,NA,NA,NA,NA,NA
"ML756128.1:2887_C/T",1,1,1,1,1,NA,NA,NA,NA,NA,NA,NA,NA,NA
"ML756085.1:42317_A/AC",0,1,0,0,0,NA,NA,NA,NA,NA,NA,NA,NA,NA
"ML756085.1:47276_T/C",1,1,1,1,NA,NA,NA,NA,NA,NA,NA,NA,NA,NA
"ML756085.1:47385_T/C",1,1,1,1,1,NA,NA,NA,NA,NA,NA,NA,NA,NA
"ML756085.1:47388_C/G",1,1,1,1,1,NA,NA,NA,NA,NA,NA,NA,NA,NA
"ML756085.1:47443_C/T",1,NA,1,NA,1,NA,NA,NA,NA,NA,NA,NA,NA,NA
"ML756085.1:47448_G/C",1,NA,1,NA,1,NA,NA,NA,NA,NA,NA,NA,NA,NA
"ML756085.1:47487_TTCC/T",0,0,1,0,0,NA,NA,NA,NA,NA,NA,NA,NA,NA
"ML756085.1:47493_T/TACC",0,NA,1,NA,0,NA,NA,NA,NA,NA,NA,NA,NA,NA
"ML756085.1:47519_T/C",1,NA,1,NA,0,NA,NA,NA,NA,NA,NA,NA,NA,NA
"ML756109.1:606_CA/C",1,0,1,0,1,NA,NA,NA,NA,NA,NA,NA,NA,NA
"ML756118.1:14726_GA/G",1,1,1,1,1,NA,NA,NA,NA,NA,NA,NA,NA,NA
"ML756129.1:1219_GA/G",1,1,1,1,1,NA,NA,NA,NA,NA,NA,NA,NA,NA
"ML756129.1:1229_C/T",1,1,1,1,1,NA,NA,NA,NA,NA,NA,NA,NA,NA
"ML756128.1:3162_A/T",1,NA,NA,0,1,NA,NA,NA,NA,NA,NA,NA,NA,NA
"ML756134.1:1221_G/GCTAAAA",1,1,1,1,1,NA,NA,NA,NA,NA,NA,NA,NA,NA
"ML756128.1:3724_A/C",1,1,1,1,1,NA,NA,NA,NA,NA,NA,NA,NA,NA
"ML756100.1:31321_G/C",1,1,1,0,1,NA,NA,NA,NA,NA,NA,NA,NA,NA
"ML756100.1:31324_C/A",NA,NA,NA,0,1,NA,NA,NA,NA,NA,NA,NA,NA,NA
"ML756129.1:96_A/T",1,0,1,1,1,NA,NA,NA,NA,NA,NA,NA,NA,NA
"ML756134.1:1562_C/T",1,1,1,1,0,NA,NA,NA,NA,NA,NA,NA,NA,NA
"ML756100.1:31679_G/A",1,1,1,1,1,NA,NA,NA,NA,NA,NA,NA,NA,NA
"ML756100.1:31407_AT/A",1,1,1,1,1,NA,NA,NA,NA,NA,NA,NA,NA,NA
"ML756100.1:31697_TTCTTC/T",1,1,1,1,1,NA,NA,NA,NA,NA,NA,NA,NA,NA
"ML756129.1:1153_A/ATC",1,1,1,1,1,NA,NA,NA,NA,NA,NA,NA,NA,NA
"ML756131.1:84_T/TA",1,1,1,1,1,NA,NA,NA,NA,NA,NA,NA,NA,NA
"ML756131.1:96_T/C",1,1,1,1,1,NA,NA,NA,NA,NA,NA,NA,NA,NA
"ML756100.1:31567_G/GAAGGA",1,1,1,1,1,NA,NA,NA,NA,NA,NA,NA,NA,NA
"ML756100.1:31583_T/TG",1,1,1,1,1,NA,NA,NA,NA,NA,NA,NA,NA,NA
"ML756129.1:1303_T/A",1,1,1,1,1,NA,NA,NA,NA,NA,NA,NA,NA,NA
"ML756100.1:31615_T/A",1,1,1,1,1,NA,NA,NA,NA,NA,NA,NA,NA,NA
"ML756141.1:461_A/G",1,1,1,1,1,NA,NA,NA,NA,NA,NA,NA,NA,NA
"ML756100.1:31641_G/T",1,1,1,1,1,NA,NA,NA,NA,NA,NA,NA,NA,NA
"ML756141.1:653_A/G",1,1,1,1,0,NA,NA,NA,NA,NA,NA,NA,NA,NA
"ML756106.1:10140_AAT/A",0,1,1,1,1,NA,NA,NA,NA,NA,NA,NA,NA,NA
"ML756141.1:688_A/T",1,1,1,1,0,NA,NA,NA,NA,NA,NA,NA,NA,NA
"ML756132.1:686_C/T",1,1,1,1,1,NA,NA,NA,NA,NA,NA,NA,NA,NA
"ML756142.1:217_A/C",1,1,0,0,0,NA,NA,NA,NA,NA,NA,NA,NA,NA
"ML756134.1:1057_G/GT",1,1,1,1,1,NA,NA,NA,NA,NA,NA,NA,NA,NA
"ML756126.1:7247_AT/A",1,1,1,1,0,NA,NA,NA,NA,NA,NA,NA,NA,NA
"ML756134.1:1184_A/G",1,1,1,1,1,NA,NA,NA,NA,NA,NA,NA,NA,NA
"ML756129.1:1233_T/C",1,1,1,1,1,NA,NA,NA,NA,NA,NA,NA,NA,NA
"ML756104.1:10743_CAAAAAAAAAAAAAAAAAAAAAAAAAAAAAAAAAAAAAACCCAAAAAAAAAAAAAAAAAAAAAAAAAAAAAAAAGAAAAAAAAAAAAAAAAAAAAAAAAA/C",1,1,1,1,1,NA,NA,NA,NA,NA,NA,NA,NA,NA
"ML756104.1:16139_T/C",1,1,1,1,1,NA,NA,NA,NA,NA,NA,NA,NA,NA
"ML756105.1:23082_A/AT",0,0,0,1,0,NA,NA,NA,NA,NA,NA,NA,NA,NA
"ML756106.1:1011_A/G",1,1,1,1,1,NA,NA,NA,NA,NA,NA,NA,NA,NA
"ML756106.1:1394_G/GTT",1,1,1,1,1,NA,NA,NA,NA,NA,NA,NA,NA,NA
"ML756131.1:1049_T/A",1,1,1,1,1,NA,NA,NA,NA,NA,NA,NA,NA,NA
"ML756109.1:520_C/CCGGCTCCGGCCAACCCCAGAAA",1,0,0,1,0,NA,NA,NA,NA,NA,NA,NA,NA,NA
"ML756129.1:1143_T/G",1,1,1,1,1,NA,NA,NA,NA,NA,NA,NA,NA,NA
"ML756134.1:360_A/C",1,1,1,1,1,NA,NA,NA,NA,NA,NA,NA,NA,NA
"ML756129.1:1300_A/G",1,1,1,1,1,NA,NA,NA,NA,NA,NA,NA,NA,NA
"ML756144.1:264_C/A",1,1,1,1,1,NA,NA,NA,NA,NA,NA,NA,NA,NA
"ML756144.1:368_G/C",1,1,1,1,1,NA,NA,NA,NA,NA,NA,NA,NA,NA
"ML756134.1:1454_A/G",1,1,1,1,0,NA,NA,NA,NA,NA,NA,NA,NA,NA
"ML756134.1:1464_T/A",1,1,1,1,1,NA,NA,NA,NA,NA,NA,NA,NA,NA
"ML756134.1:1224_G/GTC",1,1,1,1,1,NA,NA,NA,NA,NA,NA,NA,NA,NA
"ML756134.1:1445_G/T",1,1,1,1,0,NA,NA,NA,NA,NA,NA,NA,NA,NA
"ML756131.1:1925_G/GA",1,1,1,1,1,NA,NA,NA,NA,NA,NA,NA,NA,NA
"ML756141.1:1167_T/C",1,1,1,1,1,NA,NA,NA,NA,NA,NA,NA,NA,NA
"ML756129.1:1827_T/C",1,1,1,1,1,NA,NA,NA,NA,NA,NA,NA,NA,NA
"ML756141.1:663_G/T",1,1,1,1,0,NA,NA,NA,NA,NA,NA,NA,NA,NA
"ML756134.1:1120_G/A",1,1,1,1,1,NA,NA,NA,NA,NA,NA,NA,NA,NA
"ML756131.1:763_G/A",1,1,1,1,1,NA,NA,NA,NA,NA,NA,NA,NA,NA
"ML756141.1:91_G/A",1,1,1,1,1,NA,NA,NA,NA,NA,NA,NA,NA,NA
"ML756141.1:352_A/C",1,1,1,1,1,NA,NA,NA,NA,NA,NA,NA,NA,NA
"ML756131.1:1098_C/T",1,1,1,1,1,NA,NA,NA,NA,NA,NA,NA,NA,NA
"ML756131.1:501_T/C",0,1,0,0,1,NA,NA,NA,NA,NA,NA,NA,NA,NA
