"SNP","GEV_ACGCACCT-CCTTCACC","X123_CGCTATGT-GTGTCGGA","XEV_GTATGTTC-TTCCTGTT","Chromosome","Position","Transcript","Gene","Consequence","Ref_Codon","Var_Codon","Ref_AA","Var_AA"
"ML755980.1:222545_T/TTGTGTGTGTGTGTGTGTGTGTGTGTGTGTGTGTGTGTGTGTGTGTGTGTG",0,0,1,"ML755980.1",222545,"806","BKA90DRAFT_133446","frameshift","ATG","CACACACACACACACACACACACACACACACACACACACACACACACACAATG","",""
"ML755980.1:222545_T/TTGTGTGTGTGTGTGTGTGTGTGTGTGTGTGTGTGTGTGTGTGTGTGTGTG",0,0,1,"ML755980.1",222545,"806","BKA90DRAFT_133446","frameshift","ATG","CACACACACACACACACACACACACACACACACACACACACACACACACACACACACACACACACACAATG","",""
"ML755981.1:192924_T/TGGCCAGCAGGGTCAGGGACAGTAC",1,1,1,"ML755981.1",192924,"880","BKA90DRAFT_33247","nonsynonymous","GCT","GCTGGCCAGCAGGGTCAGGGACAGTAC","A","AGQQGQGQY"
"ML755987.1:10778_A/ACATCAGCTGTAGTTGTAACAGAAGTAGCAGCTGAAGTAGATG",1,1,0,"ML755987.1",10778,"1841","BKA90DRAFT_156218","nonsynonymous","GTT","GCATCTACTTCAGCTGCTACTTCTGTTACAACTACAGCTGATGTT","V","ASTSAATSVTTTADV"
"ML755987.1:99826_G/A",1,0,1,"ML755987.1",99826,"1790","BKA90DRAFT_109120","nonsynonymous","GAC","AAC","D","N"
"ML755989.1:332845_C/CTCTTCTGCTCCTGCTCCCGCTCCCAAGCCCGAG",1,1,1,"ML755989.1",332845,"2098","BKA90DRAFT_109853","nonsynonymous","CCC","CCCTCTTCTGCTCCTGCTCCCGCTCCCAAGCCCGAG","P","PSSAPAPAPKPE"
"ML755989.1:332947_T/TTCTGCCCCTGCTCCTGCTCCCAAGCCCGAGGAG",1,1,1,"ML755989.1",332947,"2098","BKA90DRAFT_109853","nonsynonymous","ACT","ACTTCTGCCCCTGCTCCTGCTCCCAAGCCCGAGGAG","T","TSAPAPAPKPEE"
"ML755995.1:74703_A/AAATTACTAGACTACTG",1,1,1,"ML755995.1",74703,"2750","BKA90DRAFT_156961","frameshift","TAA","TAAATTACTAGACTACTGA","",""
"ML756000.1:189049_C/T",1,0,0,"ML756000.1",189049,"3223","BKA90DRAFT_137339","synonymous","GAC","GAT","D","D"
"ML756005.1:161263_A/ATCTCTCAGATCAACGACGGCCAGATCCAGGCTCCCAAGTCTACCGCTGCTCCTGCCCCCGCCCCCAAGGAGACTGCCCAGGCTCCTG",1,1,1,"ML756005.1",161263,"3661","BKA90DRAFT_168697","nonsynonymous","ATC","ATCTCTCAGATCAACGACGGCCAGATCCAGGCTCCCAAGTCTACCGCTGCTCCTGCCCCCGCCCCCAAGGAGACTGCCCAGGCTCCTGTC","I","ISQINDGQIQAPKSTAAPAPAPKETAQAPV"
"ML756005.1:161280_C/T",1,1,1,"ML756005.1",161280,"3661","BKA90DRAFT_168697","synonymous","GAC","GAT","D","D"
"ML756019.1:96052_A/AGAGGGCTTGGCACCCTCACCAGCGCCAGGAGCACCGGGAGCAGAGCCG",1,1,1,"ML756019.1",96052,"4644","BKA90DRAFT_30249","nonsynonymous","TCT","TCCGGCTCTGCTCCCGGTGCTCCTGGCGCTGGTGAGGGTGCCAAGCCCTCT","S","SGSAPGAPGAGEGAKPS"
"ML756021.1:135584_A/G",1,1,1,"ML756021.1",135584,"4788","BKA90DRAFT_114945","synonymous","ATT","ATC","I","I"
"ML756021.1:135608_A/G",1,1,1,"ML756021.1",135608,"4788","BKA90DRAFT_114945","synonymous","GGT","GGC","G","G"
"ML756022.1:35852_T/TTAAAAAAAG",1,0,0,"ML756022.1",35852,"4822","BKA90DRAFT_114983","nonsynonymous","CAA","CACTTTTTTTAA","Q","HFF*"
"ML756025.1:148593_A/T",1,1,1,"ML756025.1",148593,"4993","BKA90DRAFT_140130","nonsynonymous","ATC","AAC","I","N"
"ML756025.1:148619_A/T",1,1,1,"ML756025.1",148619,"4993","BKA90DRAFT_140130","nonsynonymous","AGT","AGA","S","R"
"ML756032.1:125085_GC/G",1,0,1,"ML756032.1",125085,"5318","BKA90DRAFT_35865","frameshift","GTGCCC","GTGCC","",""
"ML756039.1:745_G/A",1,1,1,"ML756039.1",745,"5641","BKA90DRAFT_130786","nonsynonymous","TCG","TTG","S","L"
"ML756039.1:830_A/G",1,1,1,"ML756039.1",830,"5641","BKA90DRAFT_130786","nonsynonymous","TCT","CCT","S","P"
"ML756044.1:44621_C/CTGCTGCTGT",1,1,1,"ML756044.1",44621,"5822","BKA90DRAFT_170461","nonsynonymous","CAG","CAACAGCAGCAG","Q","QQQQ"
"ML756050.1:97202_TTTTTTTTTTTTTTTTTTTTTTTTTTTTTTTTTTTA/T",1,0,0,"ML756050.1",97202,"6050","BKA90DRAFT_43958","frameshift","TTTTTTTTTTTTTTTTTTTTTTTTTTTTTTTTTTTTATT","TTTT","",""
"ML756051.1:17305_C/T",1,0,1,"ML756051.1",17305,"6068","BKA90DRAFT_141891","nonsense","CAG","TAG","Q","*"
"ML756051.1:97964_C/T",1,1,1,"ML756051.1",97964,"6080","BKA90DRAFT_141937","synonymous","ATC","ATT","I","I"
"ML756051.1:97980_A/AAGCACC",1,1,1,"ML756051.1",97980,"6080","BKA90DRAFT_141937","nonsynonymous","ATG","AAGCACCTG","M","KHL"
"ML756056.1:38416_G/A",0,0,1,"ML756056.1",38416,"6228","BKA90DRAFT_117863","nonsynonymous","TCT","TTT","S","F"
"ML756065.1:411_G/T",NA,1,1,"ML756065.1",411,"6443","BKA90DRAFT_47813","synonymous","CTG","CTT","L","L"
"ML756065.1:414_C/T",NA,1,1,"ML756065.1",414,"6443","BKA90DRAFT_47813","synonymous","TAC","TAT","Y","Y"
"ML756065.1:2091_C/CTCTGGCTCTGGCTCT",1,1,1,"ML756065.1",2091,"6443","BKA90DRAFT_47813","nonsynonymous","GGC","GGCTCTGGCTCTGGCTCT","G","GSGSGS"
"ML756095.1:27049_A/AGGGTCCTTGGGGTCCCAGTGGTGCTCGGGGTCCTTGGGGTCGACAGGGTCCTTGGGGTCCCAGTGGTGCTCG",1,1,1,"ML756095.1",27049,"7035","BKA90DRAFT_5638","nonsynonymous","CCT","CCCGAGCACCACTGGGACCCCAAGGACCCTGTCGACCCCAAGGACCCCGAGCACCACTGGGACCCCAAGGACCCT","P","PEHHWDPKDPVDPKDPEHHWDPKDP"
"ML756097.1:22380_G/GCCCCGAGATGGA",1,1,1,"ML756097.1",22380,"7059","BKA90DRAFT_105338","nonsynonymous","ATG","ATGCCCCGAGATGGA","M","MPRDG"
"ML756101.1:143_C/CGCCTCTTCCACTGGCGGAGCCGATGCCTCTTCCACTGGCGACTCTGGCGCCTCTTCCACTGGCGGAGCCGATGCCTCTTCCACTGGCGGAGCCGATGCCTCTTCCACTGGCGGAGCCGAT",NA,1,1,"ML756101.1",143,"7101","BKA90DRAFT_171513","nonsynonymous","GCG","GCGCCTCTTCCACTGGCGGAGCCGATGCCTCTTCCACTGGCGACTCTGGCGCCTCTTCCACTGGCGGAGCCGATGCCTCTTCCACTGGCGGAGCCGATGCCTCTTCCACTGGCGGAGCCGATG","A","APLPLAEPMPLPLATLAPLPLAEPMPLPLAEPMPLPLAEPM"
"ML756123.1:10963_C/T",NA,1,1,"ML756123.1",10963,"7286","BKA90DRAFT_171652","nonsynonymous","GCC","GTC","A","V"
"pINT03-XYL123.gb:10417_T/A",1,1,1,"pINT03-XYL123.gb",10417,"7313",NA,"nonsynonymous","TGT","AGT","C","S"
"ML755977.1:237488_TAAAAAAAAAAAAA/T",1,1,1,NA,NA,NA,NA,NA,NA,NA,NA,NA
"ML755977.1:351610_G/GT",1,1,1,NA,NA,NA,NA,NA,NA,NA,NA,NA
"ML755978.1:174098_TG/T",0,1,1,NA,NA,NA,NA,NA,NA,NA,NA,NA
"ML755979.1:299010_CTTT/C",1,1,1,NA,NA,NA,NA,NA,NA,NA,NA,NA
"ML755979.1:348481_CAAA/C",1,1,1,NA,NA,NA,NA,NA,NA,NA,NA,NA
"ML755979.1:480084_ACCCCCCCCCCCCC/ACC",NA,1,0,NA,NA,NA,NA,NA,NA,NA,NA,NA
"ML755979.1:480084_ACCCCCCCCCCCCC/A",NA,0,1,NA,NA,NA,NA,NA,NA,NA,NA,NA
"ML755980.1:108690_G/GTGACCA",NA,1,0,NA,NA,NA,NA,NA,NA,NA,NA,NA
"ML756008.1:181242_GT/G",0,1,0,NA,NA,NA,NA,NA,NA,NA,NA,NA
"ML755980.1:222545_T/TTGTGTGTGTGTGTGTGTGTGTGTGTGTGTGTGTGTGTGTGTGTGTGTGTGTGTGTGTGTGTGTGTGTG",1,1,0,NA,NA,NA,NA,NA,NA,NA,NA,NA
"ML755980.1:306087_A/AAGTGAGTTGAGTGAGTTGAGTGAGTTGAGTGAGTTG",1,1,1,NA,NA,NA,NA,NA,NA,NA,NA,NA
"ML755980.1:403445_A/AG",1,1,1,NA,NA,NA,NA,NA,NA,NA,NA,NA
"ML755980.1:408210_T/TAAATAAAATAAATAAAATAAATAAAATAAATAAAATAAATAAAATAAATAAAATAAAATAAATAAAATAAATAAAATAAAATAAATAAATAAAATAAATAAAATAAATAAAATAAATAAAATA",1,1,1,NA,NA,NA,NA,NA,NA,NA,NA,NA
"ML755980.1:467493_A/C",1,1,1,NA,NA,NA,NA,NA,NA,NA,NA,NA
"ML756010.1:89884_CA/C",1,1,1,NA,NA,NA,NA,NA,NA,NA,NA,NA
"ML755983.1:2204_T/C",1,1,1,NA,NA,NA,NA,NA,NA,NA,NA,NA
"ML755983.1:5677_AGC/A",1,1,1,NA,NA,NA,NA,NA,NA,NA,NA,NA
"ML755983.1:72891_CAAAAAAAAA/C",1,0,0,NA,NA,NA,NA,NA,NA,NA,NA,NA
"ML755983.1:72891_CAAAAAAAAA/CA",0,1,1,NA,NA,NA,NA,NA,NA,NA,NA,NA
"ML755983.1:303375_TAAAAAAAAAAAAAAAAAAAAAAAAAAAAAAAAAAAAAAAAAAAAAAAAAAAAA/T",0,1,0,NA,NA,NA,NA,NA,NA,NA,NA,NA
"ML755983.1:371774_CAAAAACAAAAAAAAA/C",1,1,1,NA,NA,NA,NA,NA,NA,NA,NA,NA
"ML755984.1:71516_T/TGTACTGTTCGTGCTTGG",1,1,1,NA,NA,NA,NA,NA,NA,NA,NA,NA
"ML755984.1:180246_CT/C",1,1,1,NA,NA,NA,NA,NA,NA,NA,NA,NA
"ML755984.1:331674_CAAAA/C",1,1,1,NA,NA,NA,NA,NA,NA,NA,NA,NA
"ML755984.1:398371_G/A",0,0,1,NA,NA,NA,NA,NA,NA,NA,NA,NA
"ML755984.1:398372_A/C",0,0,1,NA,NA,NA,NA,NA,NA,NA,NA,NA
"ML755984.1:398824_G/A",1,1,1,NA,NA,NA,NA,NA,NA,NA,NA,NA
"ML755984.1:398889_T/C",0,1,1,NA,NA,NA,NA,NA,NA,NA,NA,NA
"ML755985.1:21948_C/CA",1,1,1,NA,NA,NA,NA,NA,NA,NA,NA,NA
"ML755985.1:46707_C/CTTTT",1,1,1,NA,NA,NA,NA,NA,NA,NA,NA,NA
"ML755985.1:89318_T/TTGAGAAGCCTACGCCCGAGAAGCCTACTCCTGAGGTTCC",1,1,1,NA,NA,NA,NA,NA,NA,NA,NA,NA
"ML755985.1:127513_CAAAAAAAAAAA/C",0,1,0,NA,NA,NA,NA,NA,NA,NA,NA,NA
"ML755985.1:127513_CAAAAAAAAAAA/CA",1,0,1,NA,NA,NA,NA,NA,NA,NA,NA,NA
"ML755985.1:336970_T/TTC",1,1,1,NA,NA,NA,NA,NA,NA,NA,NA,NA
"ML755985.1:360894_T/TTTTTTTG",1,1,1,NA,NA,NA,NA,NA,NA,NA,NA,NA
"ML755985.1:368351_G/GGCTCTCTGGTGCTTGACTATGGCTGATCGGACGGGAAGCCGTATTTTCACCAGGATATGGCCGTAACC",1,1,1,NA,NA,NA,NA,NA,NA,NA,NA,NA
"ML755986.1:78915_G/GCCAGAGCCGGAGCCCTCAGAACCTGAACCAGAGCCAGAGCCAGAGCCGGAGCCCTCAGAACCTGAACCAGAGCCAGAGCCAGAGCCGGAGCCCTCAGAGCCAGAGCCAGAGCCAGAGCCGGAGCCGGAGCCCTCAGAACCTGAACCTGAACCTGAGCCAGAA",1,0,0,NA,NA,NA,NA,NA,NA,NA,NA,NA
"ML755986.1:78915_G/GCCAGAGCCGGAGCCCTCAGATCCTGAACCAGAGCCAGAGCCAGAGCCGGAGCCCTCAGAACCTGAACCAGAGCCAGAGCCAGAGCCGGAGCCCTCAGAGCCAGAGCCAGAGCCAGAGCCGGAGCCGGAGCCCTCAGAACCTGAACCTGAACCTGAGCCAGAA",0,1,0,NA,NA,NA,NA,NA,NA,NA,NA,NA
"ML755986.1:211825_G/GA",1,1,1,NA,NA,NA,NA,NA,NA,NA,NA,NA
"ML755986.1:315239_GAAAAAAAAAAAAAAAAAAAAAAAAAAAAAAAAAAAAAAAAAAAAAAAAAAAAAAAAAAAAAAAAAGAAAAA/G",1,1,1,NA,NA,NA,NA,NA,NA,NA,NA,NA
"ML755986.1:355200_G/GT",1,1,1,NA,NA,NA,NA,NA,NA,NA,NA,NA
"ML756023.1:150480_A/C",1,1,1,NA,NA,NA,NA,NA,NA,NA,NA,NA
"ML756023.1:150486_G/A",1,1,1,NA,NA,NA,NA,NA,NA,NA,NA,NA
"ML755987.1:153848_CTTTTTTTTTTTTTTTTTTTTTTTTTGTTTTTTTTGCAAGGTGGG/C",1,1,1,NA,NA,NA,NA,NA,NA,NA,NA,NA
"ML755987.1:196851_GGTTTTTTTTTTTTTTTTTTTTT/G",1,1,1,NA,NA,NA,NA,NA,NA,NA,NA,NA
"ML755987.1:279108_GTTTTTTTTTTTTTTTTTTTTTTTTTT/G",1,1,1,NA,NA,NA,NA,NA,NA,NA,NA,NA
"ML755987.1:293097_CAAAAAAAAAAAAAAAAAAAAAGAAGATTGGGGGGGGGGCAA/C",1,1,1,NA,NA,NA,NA,NA,NA,NA,NA,NA
"ML755987.1:299385_CA/C",1,1,1,NA,NA,NA,NA,NA,NA,NA,NA,NA
"ML755987.1:347841_GTTTTTTTTTTTTTTTTTTTTTTT/G",1,1,1,NA,NA,NA,NA,NA,NA,NA,NA,NA
"ML755988.1:25704_TA/T",1,1,1,NA,NA,NA,NA,NA,NA,NA,NA,NA
"ML755988.1:143190_A/AACACACAC",1,1,1,NA,NA,NA,NA,NA,NA,NA,NA,NA
"ML755988.1:165449_CAAA/C",1,1,1,NA,NA,NA,NA,NA,NA,NA,NA,NA
"ML755988.1:238680_GAA/",0,0,1,NA,NA,NA,NA,NA,NA,NA,NA,NA
"ML755988.1:238680_GAA/G",0,1,0,NA,NA,NA,NA,NA,NA,NA,NA,NA
"ML755988.1:259091_CGGGGGGGGGGGGGGGGGGGGGGGGGGGGGG/C",0,0,1,NA,NA,NA,NA,NA,NA,NA,NA,NA
"ML755989.1:300633_T/A",1,1,1,NA,NA,NA,NA,NA,NA,NA,NA,NA
"ML756023.1:150617_T/C",0,1,NA,NA,NA,NA,NA,NA,NA,NA,NA,NA
"ML756023.1:150622_C/CCAACAA",0,1,0,NA,NA,NA,NA,NA,NA,NA,NA,NA
"ML755990.1:43274_ATTT/A",1,1,1,NA,NA,NA,NA,NA,NA,NA,NA,NA
"ML755991.1:272715_CAAAAAAA/C",1,1,1,NA,NA,NA,NA,NA,NA,NA,NA,NA
"ML755992.1:87653_G/GA",1,1,1,NA,NA,NA,NA,NA,NA,NA,NA,NA
"ML755992.1:225778_T/G",0,1,0,NA,NA,NA,NA,NA,NA,NA,NA,NA
"ML755993.1:42829_A/AAAAAATAGTAATAGAATAAAAATAGTAATAGAAT",1,1,1,NA,NA,NA,NA,NA,NA,NA,NA,NA
"ML755993.1:151944_CTT/C",1,1,1,NA,NA,NA,NA,NA,NA,NA,NA,NA
"ML755993.1:181300_TA/T",1,1,1,NA,NA,NA,NA,NA,NA,NA,NA,NA
"ML755993.1:221841_GTTTTTTTTTTTT/G",1,1,1,NA,NA,NA,NA,NA,NA,NA,NA,NA
"ML755993.1:225403_GAAA/G",1,1,1,NA,NA,NA,NA,NA,NA,NA,NA,NA
"ML755994.1:106_GTAAAAAAAAAAAA/G",1,0,0,NA,NA,NA,NA,NA,NA,NA,NA,NA
"ML755994.1:123_A/ATG",1,1,1,NA,NA,NA,NA,NA,NA,NA,NA,NA
"ML755994.1:127_A/ATG",1,1,1,NA,NA,NA,NA,NA,NA,NA,NA,NA
"ML755994.1:131_A/ATG",1,1,1,NA,NA,NA,NA,NA,NA,NA,NA,NA
"ML755994.1:135_A/ATG",1,1,1,NA,NA,NA,NA,NA,NA,NA,NA,NA
"ML755994.1:139_A/ATG",1,1,0,NA,NA,NA,NA,NA,NA,NA,NA,NA
"ML755994.1:143_A/ATG",1,1,0,NA,NA,NA,NA,NA,NA,NA,NA,NA
"ML755994.1:147_A/ATGT",1,1,0,NA,NA,NA,NA,NA,NA,NA,NA,NA
"ML755994.1:42496_A/AC",1,1,1,NA,NA,NA,NA,NA,NA,NA,NA,NA
"ML755994.1:139618_A/C",1,1,1,NA,NA,NA,NA,NA,NA,NA,NA,NA
"ML755994.1:139619_A/G",1,1,1,NA,NA,NA,NA,NA,NA,NA,NA,NA
"ML755994.1:151700_GAAAA/G",1,1,1,NA,NA,NA,NA,NA,NA,NA,NA,NA
"ML755995.1:27890_GA/G",1,0,0,NA,NA,NA,NA,NA,NA,NA,NA,NA
"ML755995.1:52035_GTTT/G",1,1,1,NA,NA,NA,NA,NA,NA,NA,NA,NA
"ML755995.1:66230_A/AC",1,1,1,NA,NA,NA,NA,NA,NA,NA,NA,NA
"ML756029.1:147055_T/C",1,1,1,NA,NA,NA,NA,NA,NA,NA,NA,NA
"ML755995.1:87086_CAAAAAAAAAAAAA/C",1,1,1,NA,NA,NA,NA,NA,NA,NA,NA,NA
"ML755996.1:5457_CAAAA/C",1,0,1,NA,NA,NA,NA,NA,NA,NA,NA,NA
"ML755996.1:19729_TGGGGGGGGG/T",1,1,1,NA,NA,NA,NA,NA,NA,NA,NA,NA
"ML755996.1:52254_C/CT",0,1,0,NA,NA,NA,NA,NA,NA,NA,NA,NA
"ML755996.1:84411_G/GGA",1,1,1,NA,NA,NA,NA,NA,NA,NA,NA,NA
"ML755996.1:176694_GAAAAAAAAAAAAAAGAAAAAAAAAAAAAAAAAAAAAAAACAAAAAAAAAAAAAAAAAAAAAAAAAAAAAAAAAGGAAAAA/G",1,1,1,NA,NA,NA,NA,NA,NA,NA,NA,NA
"ML755996.1:245190_A/C",1,NA,1,NA,NA,NA,NA,NA,NA,NA,NA,NA
"ML755997.1:558_TAAAAAAAAAAAAAAAAAAAAAAA/T",1,1,1,NA,NA,NA,NA,NA,NA,NA,NA,NA
"ML755997.1:76641_CTTTTTTTTTTTTTTTTTTTTTTTTTTTTT/C",1,1,1,NA,NA,NA,NA,NA,NA,NA,NA,NA
"ML755998.1:5731_C/CGGGGGGGGGGGGGGGGGGG",1,0,0,NA,NA,NA,NA,NA,NA,NA,NA,NA
"ML755998.1:5731_C/CGGGGGGGGGGGGGGGGGG",0,1,0,NA,NA,NA,NA,NA,NA,NA,NA,NA
"ML755998.1:244710_AC/A",1,1,1,NA,NA,NA,NA,NA,NA,NA,NA,NA
"ML755999.1:108890_T/TTC",1,1,1,NA,NA,NA,NA,NA,NA,NA,NA,NA
"ML756000.1:57031_GA/G",1,1,1,NA,NA,NA,NA,NA,NA,NA,NA,NA
"ML756000.1:57826_GT/G",1,1,1,NA,NA,NA,NA,NA,NA,NA,NA,NA
"ML756000.1:83833_G/A",1,1,1,NA,NA,NA,NA,NA,NA,NA,NA,NA
"ML756039.1:903_C/CG",0,0,1,NA,NA,NA,NA,NA,NA,NA,NA,NA
"ML756000.1:234862_A/AGTCTGTGATTGTCTGTGATT",1,1,1,NA,NA,NA,NA,NA,NA,NA,NA,NA
"ML756001.1:78982_TAAAAAAAAAAAAAAAAAAAAAAAAAAAAAAAAAAAAAAAA/T",1,1,1,NA,NA,NA,NA,NA,NA,NA,NA,NA
"ML756001.1:91052_CTTTTTTTTTTATTTTTTATTTTTATTTTTATTTTTATTTTTTATTTTTTTTTTTTTTTTTTTTTTTTTT/C",1,1,1,NA,NA,NA,NA,NA,NA,NA,NA,NA
"ML756001.1:93548_GAAAAAAAAAAAAAAAAAAAAAAAAAAAAAAAAAAAAAACAAAAAA/G",1,1,1,NA,NA,NA,NA,NA,NA,NA,NA,NA
"ML756001.1:196467_G/GTT",1,1,1,NA,NA,NA,NA,NA,NA,NA,NA,NA
"ML756001.1:235553_GGTTTTTTTTTTTTTTTTTTTTTTTTTTTTTTCCTTTTTTTGTTTTTCCCCTTTTTTTTTTGGTTTCTTGTA/G",1,1,1,NA,NA,NA,NA,NA,NA,NA,NA,NA
"ML756003.1:16734_G/GT",0,1,0,NA,NA,NA,NA,NA,NA,NA,NA,NA
"ML756003.1:16734_G/GTT",1,0,1,NA,NA,NA,NA,NA,NA,NA,NA,NA
"ML756003.1:34758_T/TCCC",1,0,0,NA,NA,NA,NA,NA,NA,NA,NA,NA
"ML756003.1:86962_ATTTTTTTTTT/A",1,1,1,NA,NA,NA,NA,NA,NA,NA,NA,NA
"ML756004.1:82074_T/TA",1,1,1,NA,NA,NA,NA,NA,NA,NA,NA,NA
"ML756005.1:703_T/C",1,1,0,NA,NA,NA,NA,NA,NA,NA,NA,NA
"ML756005.1:715_A/T",1,1,0,NA,NA,NA,NA,NA,NA,NA,NA,NA
"ML756005.1:58627_GTT/G",1,1,1,NA,NA,NA,NA,NA,NA,NA,NA,NA
"ML756005.1:70540_GAAAAAAAAAAAAAAAAAAAAA/G",1,0,1,NA,NA,NA,NA,NA,NA,NA,NA,NA
"ML756005.1:82769_CAAAAAAAAAAAA/C",1,0,1,NA,NA,NA,NA,NA,NA,NA,NA,NA
"ML756005.1:82769_CAAAAAAAAAAAA/CA",0,1,0,NA,NA,NA,NA,NA,NA,NA,NA,NA
"ML756046.1:15624_CTTTTTTTTTTTTT/C",1,0,0,NA,NA,NA,NA,NA,NA,NA,NA,NA
"ML756047.1:89606_GTTTTTTTTTTTTTTTTTTTTTTTTTTTTTTTTTTTTTTTTTTTTTTTTTTTTTCCTTTTT/G",1,1,1,NA,NA,NA,NA,NA,NA,NA,NA,NA
"ML756005.1:209425_A/ACCCCC",NA,1,0,NA,NA,NA,NA,NA,NA,NA,NA,NA
"ML756007.1:33570_TAAAAAAAAAAAAAAAAAAAAAAAAAAAAAAAA/T",1,1,1,NA,NA,NA,NA,NA,NA,NA,NA,NA
"ML756007.1:100959_TAAAAAAAAAAAGAAAAAAAA/T",1,0,1,NA,NA,NA,NA,NA,NA,NA,NA,NA
"ML756007.1:100971_GAAAAAAAAAAAAAAAAAAAGAAA/GAA",0,1,0,NA,NA,NA,NA,NA,NA,NA,NA,NA
"ML756007.1:100971_GAAAAAAAAAAAAAAAAAAAGAAA/",1,0,1,NA,NA,NA,NA,NA,NA,NA,NA,NA
"ML756007.1:163056_CAAAAAAAAAA/C",0,1,1,NA,NA,NA,NA,NA,NA,NA,NA,NA
"ML756007.1:167242_TTTTTTTTTTTTTTTTTTTCCTTTTCTGGTTGTGAATTTTTTTTTTTTTGTTTTTG/T",1,0,1,NA,NA,NA,NA,NA,NA,NA,NA,NA
"ML756007.1:192538_CAAA/C",0,1,1,NA,NA,NA,NA,NA,NA,NA,NA,NA
"ML756008.1:339_CTTTTTAATA/C",1,1,1,NA,NA,NA,NA,NA,NA,NA,NA,NA
"ML756008.1:97419_GTTTTTTTTTTTTTTTTTTTTTTTTTGGTTTTTTCTGGT/G",1,1,1,NA,NA,NA,NA,NA,NA,NA,NA,NA
"ML756053.1:38607_ATTTTTTTT/A",1,1,1,NA,NA,NA,NA,NA,NA,NA,NA,NA
"ML756008.1:206789_ATGTTGTTGTTGTTGTTGT/A",1,1,1,NA,NA,NA,NA,NA,NA,NA,NA,NA
"ML756009.1:111281_CA/C",1,1,1,NA,NA,NA,NA,NA,NA,NA,NA,NA
"ML756009.1:188361_A/AT",1,1,1,NA,NA,NA,NA,NA,NA,NA,NA,NA
"ML756009.1:189640_ACCCCCCCCTCTC/A",1,1,1,NA,NA,NA,NA,NA,NA,NA,NA,NA
"ML756010.1:18891_A/G",1,1,1,NA,NA,NA,NA,NA,NA,NA,NA,NA
"ML756061.1:58137_CTTTTTTTTTTTTTTTTTTTTTTTTTTTTTATATTTTTTTTTTTTTTTTCTTTT/C",1,1,1,NA,NA,NA,NA,NA,NA,NA,NA,NA
"ML756011.1:176036_GAAAAAAAAAAAAAAAAAAAAAAAAATAATAAAAAAAAAAAAAAAAAGGAAAAGAAAA/G",1,1,1,NA,NA,NA,NA,NA,NA,NA,NA,NA
"ML756012.1:21236_T/TGTGTCG",1,1,1,NA,NA,NA,NA,NA,NA,NA,NA,NA
"ML756012.1:120488_TA/T",1,1,1,NA,NA,NA,NA,NA,NA,NA,NA,NA
"ML756013.1:108077_GTTT/G",1,0,1,NA,NA,NA,NA,NA,NA,NA,NA,NA
"ML756013.1:108077_GTTT/GT",0,1,0,NA,NA,NA,NA,NA,NA,NA,NA,NA
"ML756013.1:139615_CTTTTTTTTTTTTTTTTTTTTTTTTTTTTTTTTTTTTT/C",1,1,1,NA,NA,NA,NA,NA,NA,NA,NA,NA
"ML756014.1:133597_A/AG",1,1,1,NA,NA,NA,NA,NA,NA,NA,NA,NA
"ML756014.1:133598_A/C",1,1,1,NA,NA,NA,NA,NA,NA,NA,NA,NA
"ML756014.1:133606_A/G",1,1,1,NA,NA,NA,NA,NA,NA,NA,NA,NA
"ML756014.1:133616_A/G",1,1,1,NA,NA,NA,NA,NA,NA,NA,NA,NA
"ML756014.1:133619_GAAAAAAAAAAAAAAAAAAAAAAAAAAAAAAAAAAAA/G",1,1,1,NA,NA,NA,NA,NA,NA,NA,NA,NA
"ML756015.1:64047_CT/C",1,1,1,NA,NA,NA,NA,NA,NA,NA,NA,NA
"ML756016.1:54101_GAAAAA/G",1,1,1,NA,NA,NA,NA,NA,NA,NA,NA,NA
"ML756018.1:5335_C/CAAA",1,1,1,NA,NA,NA,NA,NA,NA,NA,NA,NA
"ML756018.1:127909_CAA/C",1,1,0,NA,NA,NA,NA,NA,NA,NA,NA,NA
"ML756069.1:48270_GTTTT/G",1,0,0,NA,NA,NA,NA,NA,NA,NA,NA,NA
"ML756019.1:138234_CAAAAAAAAAA/C",1,1,1,NA,NA,NA,NA,NA,NA,NA,NA,NA
"ML756020.1:77195_G/GC",1,1,1,NA,NA,NA,NA,NA,NA,NA,NA,NA
"ML756074.1:39434_CTTTTTTTTTTTTTTTTTTTTTTTTTTTTGTTTTTTTTTTTTTTTTTTTTTT/C",0,0,1,NA,NA,NA,NA,NA,NA,NA,NA,NA
"ML756074.1:39434_CTTTTTTTTTTTTTTTTTTTTTTTTTTTTGTTTTTTTTTTTTTTTTTTTTTT/CT",1,1,0,NA,NA,NA,NA,NA,NA,NA,NA,NA
"ML756081.1:511_A/C",1,1,1,NA,NA,NA,NA,NA,NA,NA,NA,NA
"ML756022.1:97853_CTTTT/C",1,1,1,NA,NA,NA,NA,NA,NA,NA,NA,NA
"ML756023.1:150409_C/T",1,1,1,NA,NA,NA,NA,NA,NA,NA,NA,NA
"ML756023.1:150445_T/C",1,1,1,NA,NA,NA,NA,NA,NA,NA,NA,NA
"ML756023.1:150474_C/A",1,1,1,NA,NA,NA,NA,NA,NA,NA,NA,NA
"ML756023.1:150479_T/TTC",1,1,1,NA,NA,NA,NA,NA,NA,NA,NA,NA
"ML756085.1:47385_T/C",1,1,1,NA,NA,NA,NA,NA,NA,NA,NA,NA
"ML756085.1:47388_C/G",1,1,1,NA,NA,NA,NA,NA,NA,NA,NA,NA
"ML756023.1:150495_A/C",1,1,1,NA,NA,NA,NA,NA,NA,NA,NA,NA
"ML756023.1:150496_T/TCACC",0,1,0,NA,NA,NA,NA,NA,NA,NA,NA,NA
"ML756023.1:150498_G/GTT",1,1,1,NA,NA,NA,NA,NA,NA,NA,NA,NA
"ML756023.1:150503_GAA/G",0,1,0,NA,NA,NA,NA,NA,NA,NA,NA,NA
"ML756023.1:150506_C/CCA",0,1,0,NA,NA,NA,NA,NA,NA,NA,NA,NA
"ML756023.1:150546_GCA/G",1,1,1,NA,NA,NA,NA,NA,NA,NA,NA,NA
"ML756023.1:150571_T/C",1,1,1,NA,NA,NA,NA,NA,NA,NA,NA,NA
"ML756023.1:150573_GAGAA/G",1,1,1,NA,NA,NA,NA,NA,NA,NA,NA,NA
"ML756023.1:150578_A/T",1,1,1,NA,NA,NA,NA,NA,NA,NA,NA,NA
"ML756023.1:150586_G/C",NA,1,1,NA,NA,NA,NA,NA,NA,NA,NA,NA
"ML756023.1:150603_TC/T",0,1,0,NA,NA,NA,NA,NA,NA,NA,NA,NA
"ML756023.1:150607_T/C",0,1,NA,NA,NA,NA,NA,NA,NA,NA,NA,NA
"ML756023.1:150613_G/T",0,1,NA,NA,NA,NA,NA,NA,NA,NA,NA,NA
"ML756039.1:164_C/T",NA,1,1,NA,NA,NA,NA,NA,NA,NA,NA,NA
"ML756117.1:14896_T/A",0,NA,1,NA,NA,NA,NA,NA,NA,NA,NA,NA
"ML756023.1:150669_G/A",1,1,1,NA,NA,NA,NA,NA,NA,NA,NA,NA
"ML756023.1:150675_CAA/C",1,1,1,NA,NA,NA,NA,NA,NA,NA,NA,NA
"ML756023.1:150680_TTC/T",1,1,1,NA,NA,NA,NA,NA,NA,NA,NA,NA
"ML756023.1:150690_A/C",1,1,1,NA,NA,NA,NA,NA,NA,NA,NA,NA
"ML756024.1:35167_G/GTCGTCAAATATCATCAATATTCGTCAAATATCATCAATAT",1,1,1,NA,NA,NA,NA,NA,NA,NA,NA,NA
"ML756025.1:28108_ACC/A",1,1,1,NA,NA,NA,NA,NA,NA,NA,NA,NA
"ML756025.1:28136_GCCCCCCCCACCCCCCCCCCCCCCCCCCAAAGCCCCATTTTCA/G",1,1,1,NA,NA,NA,NA,NA,NA,NA,NA,NA
"ML756025.1:28180_C/CT",1,1,1,NA,NA,NA,NA,NA,NA,NA,NA,NA
"ML756025.1:28183_GCCCCCC/G",1,1,1,NA,NA,NA,NA,NA,NA,NA,NA,NA
"ML756025.1:54085_CAAA/C",1,1,1,NA,NA,NA,NA,NA,NA,NA,NA,NA
"ML756025.1:137403_GGTTTTTTTTTTTTTTTTTTTTTTTTTTTTTTTTTTTTTTTTTTTATATTTTTTTTTTTTTTTTTTTTTTTTTTTTTTTTTTTTTTTTTTTTTTTTTTTTGGTGA/G",1,1,1,NA,NA,NA,NA,NA,NA,NA,NA,NA
"ML756100.1:31590_T/A",1,1,1,NA,NA,NA,NA,NA,NA,NA,NA,NA
"ML756100.1:31615_T/A",1,1,1,NA,NA,NA,NA,NA,NA,NA,NA,NA
"ML756026.1:23234_A/AT",1,1,1,NA,NA,NA,NA,NA,NA,NA,NA,NA
"ML756026.1:23238_CA/C",1,1,1,NA,NA,NA,NA,NA,NA,NA,NA,NA
"ML756026.1:23240_A/C",1,1,1,NA,NA,NA,NA,NA,NA,NA,NA,NA
"ML756026.1:121265_T/C",1,1,1,NA,NA,NA,NA,NA,NA,NA,NA,NA
"ML756028.1:131409_T/TTATTTATATTTA",1,1,1,NA,NA,NA,NA,NA,NA,NA,NA,NA
"ML756029.1:56737_T/C",1,1,1,NA,NA,NA,NA,NA,NA,NA,NA,NA
"ML756029.1:56739_T/A",1,1,1,NA,NA,NA,NA,NA,NA,NA,NA,NA
"ML756029.1:72843_A/AGGTTT",NA,1,0,NA,NA,NA,NA,NA,NA,NA,NA,NA
"ML756029.1:118710_CTTTTTTTTTTTTTTTTTTTTT/C",0,1,1,NA,NA,NA,NA,NA,NA,NA,NA,NA
"ML756029.1:146941_G/T",1,1,1,NA,NA,NA,NA,NA,NA,NA,NA,NA
"ML756029.1:146976_G/A",1,1,1,NA,NA,NA,NA,NA,NA,NA,NA,NA
"ML756049.1:53775_CAAAAAAAAAAAAAAAAAAAAAAAACCCAAAAA/C",1,1,1,NA,NA,NA,NA,NA,NA,NA,NA,NA
"ML756030.1:88985_CTTTTTTTTTTTTTTTTTTTTTTTCCCTTTT/C",1,1,1,NA,NA,NA,NA,NA,NA,NA,NA,NA
"ML756030.1:140784_CTTT/C",1,1,1,NA,NA,NA,NA,NA,NA,NA,NA,NA
"ML756032.1:56754_A/AAT",1,1,1,NA,NA,NA,NA,NA,NA,NA,NA,NA
"ML756106.1:608_A/T",1,0,1,NA,NA,NA,NA,NA,NA,NA,NA,NA
"ML756032.1:137986_C/A",1,1,1,NA,NA,NA,NA,NA,NA,NA,NA,NA
"ML756032.1:137999_G/A",1,1,1,NA,NA,NA,NA,NA,NA,NA,NA,NA
"ML756034.1:49022_GAAAAAAAAAAAAA/G",1,1,1,NA,NA,NA,NA,NA,NA,NA,NA,NA
"ML756034.1:117796_CAAAAAAAAAAA/C",1,1,1,NA,NA,NA,NA,NA,NA,NA,NA,NA
"ML756035.1:124210_T/TTGTAGAAGAGTGCACATGAATGTCAACACTCCCCTAC",1,1,1,NA,NA,NA,NA,NA,NA,NA,NA,NA
"ML756036.1:124897_T/TTG",1,1,1,NA,NA,NA,NA,NA,NA,NA,NA,NA
"ML756036.1:124899_GTA/G",1,1,1,NA,NA,NA,NA,NA,NA,NA,NA,NA
"ML756037.1:4977_GAGATTAAAAAAAAAAAAAAA/G",1,1,1,NA,NA,NA,NA,NA,NA,NA,NA,NA
"ML756039.1:146_T/C",1,1,1,NA,NA,NA,NA,NA,NA,NA,NA,NA
"ML756063.1:66092_CTTTTTTTTTTTTTTTTTTTTTTTTTTTTTAATAGTCCCTTT/C",1,1,1,NA,NA,NA,NA,NA,NA,NA,NA,NA
"ML756063.1:68799_GTTTTTTTTTTTTTTTTTTTTTTTTTTTTTTTTTTTTTTTTTTTTTTTTTTTTTTTTTTTTTTTTTTTT/G",0,1,0,NA,NA,NA,NA,NA,NA,NA,NA,NA
"ML756118.1:14726_GA/G",1,1,1,NA,NA,NA,NA,NA,NA,NA,NA,NA
"ML756120.1:1491_T/TC",1,0,1,NA,NA,NA,NA,NA,NA,NA,NA,NA
"ML756039.1:62494_GTTTTTTTTTTTTTTTTTTTTTTTTTTTTTTT/G",1,1,1,NA,NA,NA,NA,NA,NA,NA,NA,NA
"ML756039.1:71799_GTTTTTTTTTTTTTTTTTTTTTTTTTATATTTATTTTTTTGTTT/G",1,1,1,NA,NA,NA,NA,NA,NA,NA,NA,NA
"ML756040.1:18576_CAAA/C",1,0,1,NA,NA,NA,NA,NA,NA,NA,NA,NA
"ML756040.1:18576_CAAA/CA",0,1,0,NA,NA,NA,NA,NA,NA,NA,NA,NA
"ML756042.1:20584_CAAAAAAAAAAAAAAAAAGGAAAAAAAAAAAAAAAAAAAAAAAAAAAAAAAAAAAAAAGA/C",1,1,1,NA,NA,NA,NA,NA,NA,NA,NA,NA
"ML756042.1:38473_C/CAAAAAA",1,1,1,NA,NA,NA,NA,NA,NA,NA,NA,NA
"ML756042.1:85412_A/AGAAGAGAAGGG",1,1,1,NA,NA,NA,NA,NA,NA,NA,NA,NA
"ML756043.1:108278_A/G",0,1,1,NA,NA,NA,NA,NA,NA,NA,NA,NA
"ML756043.1:108281_A/C",0,1,1,NA,NA,NA,NA,NA,NA,NA,NA,NA
"ML756043.1:108288_A/G",0,1,1,NA,NA,NA,NA,NA,NA,NA,NA,NA
"ML756043.1:108406_C/T",1,1,1,NA,NA,NA,NA,NA,NA,NA,NA,NA
"ML756043.1:108415_G/T",1,1,1,NA,NA,NA,NA,NA,NA,NA,NA,NA
"ML756043.1:108451_G/T",1,1,1,NA,NA,NA,NA,NA,NA,NA,NA,NA
"ML756043.1:108453_T/C",1,1,1,NA,NA,NA,NA,NA,NA,NA,NA,NA
"ML756131.1:318_T/C",1,1,1,NA,NA,NA,NA,NA,NA,NA,NA,NA
"ML756044.1:59482_TGGGGGGGGGGGGGGGG/T",1,1,1,NA,NA,NA,NA,NA,NA,NA,NA,NA
"ML756045.1:74195_TA/T",1,0,1,NA,NA,NA,NA,NA,NA,NA,NA,NA
"ML756131.1:771_T/A",1,0,1,NA,NA,NA,NA,NA,NA,NA,NA,NA
"ML756131.1:993_T/G",1,1,1,NA,NA,NA,NA,NA,NA,NA,NA,NA
"ML756048.1:33081_CTTTTTTTTTTTTTTTTTTTTTTTTTTTTTTTTTTTTT/C",1,1,1,NA,NA,NA,NA,NA,NA,NA,NA,NA
"ML756048.1:33130_T/C",1,1,1,NA,NA,NA,NA,NA,NA,NA,NA,NA
"ML756048.1:48735_CAAAAAAAAAAAAAAAAAAAAAAAAAA/C",1,1,0,NA,NA,NA,NA,NA,NA,NA,NA,NA
"ML756100.1:31789_G/T",1,1,1,NA,NA,NA,NA,NA,NA,NA,NA,NA
"ML756050.1:21904_CTTTTTTTTTTTTTTTTTTTTTTTTTTTTTTTTTTTTTTTTTTTTTTTTTTTGGGGGGTTTTTTTGGTTTT/C",1,1,1,NA,NA,NA,NA,NA,NA,NA,NA,NA
"ML756131.1:1346_T/A",0,1,0,NA,NA,NA,NA,NA,NA,NA,NA,NA
"ML756051.1:3943_CAAAAAAAAAA/C",1,1,1,NA,NA,NA,NA,NA,NA,NA,NA,NA
"ML756131.1:1378_G/T",0,1,0,NA,NA,NA,NA,NA,NA,NA,NA,NA
"ML756131.1:1385_A/G",NA,1,0,NA,NA,NA,NA,NA,NA,NA,NA,NA
"ML756131.1:1398_T/C",0,1,0,NA,NA,NA,NA,NA,NA,NA,NA,NA
"ML756131.1:1455_C/T",0,1,0,NA,NA,NA,NA,NA,NA,NA,NA,NA
"ML756053.1:95534_T/G",NA,1,NA,NA,NA,NA,NA,NA,NA,NA,NA,NA
"ML756055.1:32093_C/CCTCTCTCATTTT",1,1,1,NA,NA,NA,NA,NA,NA,NA,NA,NA
"ML756131.1:1780_C/G",0,1,0,NA,NA,NA,NA,NA,NA,NA,NA,NA
"ML756058.1:1473_A/ACACAGCAGATACAGCAGCCACAGCAGCCACAGCAGCCACAGCAGCCACAGCAGCCACAGCAGC",1,1,1,NA,NA,NA,NA,NA,NA,NA,NA,NA
"ML756060.1:38496_G/GT",1,1,1,NA,NA,NA,NA,NA,NA,NA,NA,NA
"ML756132.1:686_C/T",0,1,1,NA,NA,NA,NA,NA,NA,NA,NA,NA
"ML756093.1:25113_TG/T",0,1,0,NA,NA,NA,NA,NA,NA,NA,NA,NA
"ML756117.1:14878_G/GGCTATCGCTCTGACTCTGTGGTATCTGGCGTATCA",1,1,1,NA,NA,NA,NA,NA,NA,NA,NA,NA
"ML756064.1:129_G/A",1,0,0,NA,NA,NA,NA,NA,NA,NA,NA,NA
"ML756064.1:514_C/T",1,NA,1,NA,NA,NA,NA,NA,NA,NA,NA,NA
"ML756064.1:682_A/G",1,0,1,NA,NA,NA,NA,NA,NA,NA,NA,NA
"ML756064.1:15967_G/A",1,1,1,NA,NA,NA,NA,NA,NA,NA,NA,NA
"ML756064.1:15969_T/G",1,1,1,NA,NA,NA,NA,NA,NA,NA,NA,NA
"ML756064.1:21055_CTTTTTTTTTTTTTTTTTTTTTTTTTTTTTTTTTTTTTTTTTTTTTTTTTTAAAAAATTATTTTTTTTTTTTTTTTTTTTTTTTT/C",1,1,1,NA,NA,NA,NA,NA,NA,NA,NA,NA
"ML756064.1:38802_C/CAA",1,0,1,NA,NA,NA,NA,NA,NA,NA,NA,NA
"ML756064.1:38802_C/CAAA",0,1,0,NA,NA,NA,NA,NA,NA,NA,NA,NA
"ML756064.1:43829_CTTTTTTTTTTTTTTTTTTTTTTTTTTTTTTTTTTTTTTTTTTTTTTTTTTTTTTTGTTTT/C",1,1,1,NA,NA,NA,NA,NA,NA,NA,NA,NA
"ML756141.1:563_T/A",1,1,1,NA,NA,NA,NA,NA,NA,NA,NA,NA
"ML756141.1:571_C/A",1,1,1,NA,NA,NA,NA,NA,NA,NA,NA,NA
"ML756141.1:580_C/CCTG",1,1,1,NA,NA,NA,NA,NA,NA,NA,NA,NA
"ML756068.1:67677_GAAAAAAAAAAAAAAAAAAAAAAAAAAATTTAAAATTTAAAAAAAA/G",1,1,1,NA,NA,NA,NA,NA,NA,NA,NA,NA
"ML756141.1:663_G/T",0,1,0,NA,NA,NA,NA,NA,NA,NA,NA,NA
"ML756069.1:48270_GTTTT/GT",0,1,0,NA,NA,NA,NA,NA,NA,NA,NA,NA
"ML756069.1:64551_CAAAAA/C",1,1,1,NA,NA,NA,NA,NA,NA,NA,NA,NA
"ML756142.1:96_G/A",0,NA,1,NA,NA,NA,NA,NA,NA,NA,NA,NA
"ML756142.1:157_A/T",0,1,1,NA,NA,NA,NA,NA,NA,NA,NA,NA
"ML756142.1:217_A/C",0,1,1,NA,NA,NA,NA,NA,NA,NA,NA,NA
"ML756082.1:2061_A/ACTCAGGCTCTGGCTCAGGCGACTCAGGCTCAGGCTCTAATGGATCAGGCTCTGGCGACTCAGGCTCAGGCTCAGGCTCGGGCTCTAGTGATTCCGGCTCTGGTGGATCAGGCTCAGG",1,1,1,NA,NA,NA,NA,NA,NA,NA,NA,NA
"ML756085.1:36704_C/CTGTTGTTGTTGTTGTTGTTGT",1,0,1,NA,NA,NA,NA,NA,NA,NA,NA,NA
"ML756085.1:47227_A/C",NA,1,NA,NA,NA,NA,NA,NA,NA,NA,NA,NA
"ML756085.1:47251_T/G",1,1,1,NA,NA,NA,NA,NA,NA,NA,NA,NA
"ML756085.1:47276_T/C",1,1,1,NA,NA,NA,NA,NA,NA,NA,NA,NA
"ML756131.1:1220_A/G",0,1,0,NA,NA,NA,NA,NA,NA,NA,NA,NA
"ML756131.1:1232_ATCACAGTTCCTTG/A",0,1,0,NA,NA,NA,NA,NA,NA,NA,NA,NA
"ML756085.1:47443_C/T",1,1,1,NA,NA,NA,NA,NA,NA,NA,NA,NA
"ML756085.1:47448_G/C",1,1,1,NA,NA,NA,NA,NA,NA,NA,NA,NA
"ML756085.1:47475_C/T",1,NA,1,NA,NA,NA,NA,NA,NA,NA,NA,NA
"ML756085.1:47479_T/G",1,NA,1,NA,NA,NA,NA,NA,NA,NA,NA,NA
"ML756085.1:47487_TTCC/T",0,0,1,NA,NA,NA,NA,NA,NA,NA,NA,NA
"ML756085.1:47493_T/TACC",0,NA,1,NA,NA,NA,NA,NA,NA,NA,NA,NA
"ML756085.1:47500_C/G",NA,NA,1,NA,NA,NA,NA,NA,NA,NA,NA,NA
"ML756085.1:47502_C/A",0,NA,1,NA,NA,NA,NA,NA,NA,NA,NA,NA
"ML756085.1:47531_A/C",0,NA,1,NA,NA,NA,NA,NA,NA,NA,NA,NA
"ML756089.1:20962_G/GTGGGAATAAA",1,1,1,NA,NA,NA,NA,NA,NA,NA,NA,NA
"ML756089.1:29067_G/GA",0,1,0,NA,NA,NA,NA,NA,NA,NA,NA,NA
"ML756091.1:636_T/TGGCTCTGATTCTGGCTCTGGTTCCGGCTCCGGTTCTGGATCTGGCTCA",1,1,1,NA,NA,NA,NA,NA,NA,NA,NA,NA
"ML756117.1:14861_T/C",1,1,1,NA,NA,NA,NA,NA,NA,NA,NA,NA
"ML756134.1:360_A/C",1,1,1,NA,NA,NA,NA,NA,NA,NA,NA,NA
"ML756134.1:972_T/C",0,1,0,NA,NA,NA,NA,NA,NA,NA,NA,NA
"ML756100.1:31283_T/C",1,1,1,NA,NA,NA,NA,NA,NA,NA,NA,NA
"ML756100.1:31375_G/A",1,1,1,NA,NA,NA,NA,NA,NA,NA,NA,NA
"ML756100.1:31377_C/T",1,1,1,NA,NA,NA,NA,NA,NA,NA,NA,NA
"ML756100.1:31393_CT/C",1,1,1,NA,NA,NA,NA,NA,NA,NA,NA,NA
"ML756100.1:31407_AT/A",1,1,1,NA,NA,NA,NA,NA,NA,NA,NA,NA
"ML756100.1:31430_A/G",1,1,1,NA,NA,NA,NA,NA,NA,NA,NA,NA
"ML756100.1:31437_A/G",1,1,1,NA,NA,NA,NA,NA,NA,NA,NA,NA
"ML756100.1:31450_G/A",1,1,1,NA,NA,NA,NA,NA,NA,NA,NA,NA
"ML756100.1:31488_G/A",1,1,1,NA,NA,NA,NA,NA,NA,NA,NA,NA
"ML756100.1:31567_G/GAAGGA",1,1,1,NA,NA,NA,NA,NA,NA,NA,NA,NA
"ML756100.1:31583_T/TG",1,1,1,NA,NA,NA,NA,NA,NA,NA,NA,NA
"ML756129.1:2648_A/C",0,0,1,NA,NA,NA,NA,NA,NA,NA,NA,NA
"ML756130.1:529_T/TA",1,1,1,NA,NA,NA,NA,NA,NA,NA,NA,NA
"ML756100.1:31639_A/C",1,1,1,NA,NA,NA,NA,NA,NA,NA,NA,NA
"ML756100.1:31641_G/T",1,1,1,NA,NA,NA,NA,NA,NA,NA,NA,NA
"ML756100.1:31650_G/A",1,1,1,NA,NA,NA,NA,NA,NA,NA,NA,NA
"ML756100.1:31679_G/A",1,1,1,NA,NA,NA,NA,NA,NA,NA,NA,NA
"ML756100.1:31681_A/G",1,1,1,NA,NA,NA,NA,NA,NA,NA,NA,NA
"ML756100.1:31697_TTCTTC/T",0,1,1,NA,NA,NA,NA,NA,NA,NA,NA,NA
"ML756100.1:31707_A/T",1,1,1,NA,NA,NA,NA,NA,NA,NA,NA,NA
"ML756100.1:31721_G/C",1,1,1,NA,NA,NA,NA,NA,NA,NA,NA,NA
"ML756100.1:31722_T/C",1,1,1,NA,NA,NA,NA,NA,NA,NA,NA,NA
"ML756100.1:31762_G/A",1,1,1,NA,NA,NA,NA,NA,NA,NA,NA,NA
"ML756117.1:14824_G/T",1,1,1,NA,NA,NA,NA,NA,NA,NA,NA,NA
"ML756129.1:2586_T/C",0,0,1,NA,NA,NA,NA,NA,NA,NA,NA,NA
"ML756104.1:10743_CAAAAAAAAAAAAAAAAAAAAAAAAAAAAAAAAAAAAAACCCAAAAAAAAAAAAAAAAAAAAAAAAAAAAAAAAGAAAAAAAAAAAAAAAAAAAAAAAAA/C",1,1,1,NA,NA,NA,NA,NA,NA,NA,NA,NA
"ML756104.1:16139_T/C",1,1,1,NA,NA,NA,NA,NA,NA,NA,NA,NA
"ML756105.1:23082_AT/A",1,0,0,NA,NA,NA,NA,NA,NA,NA,NA,NA
"ML756134.1:1120_G/A",1,1,1,NA,NA,NA,NA,NA,NA,NA,NA,NA
"ML756106.1:1011_A/G",1,1,1,NA,NA,NA,NA,NA,NA,NA,NA,NA
"ML756106.1:1116_A/G",1,1,1,NA,NA,NA,NA,NA,NA,NA,NA,NA
"ML756106.1:1394_G/GTT",1,1,1,NA,NA,NA,NA,NA,NA,NA,NA,NA
"ML756106.1:10140_AAT/A",1,1,0,NA,NA,NA,NA,NA,NA,NA,NA,NA
"ML756109.1:520_C/CCGGCTCCGGCCAACCCCAGAAA",0,1,0,NA,NA,NA,NA,NA,NA,NA,NA,NA
"ML756109.1:597_CACG/C",1,1,1,NA,NA,NA,NA,NA,NA,NA,NA,NA
"ML756117.1:14767_C/T",0,0,1,NA,NA,NA,NA,NA,NA,NA,NA,NA
"ML756129.1:2340_A/G",1,1,1,NA,NA,NA,NA,NA,NA,NA,NA,NA
"ML756131.1:1992_C/T",0,1,0,NA,NA,NA,NA,NA,NA,NA,NA,NA
"ML756120.1:1491_T/TCC",0,1,0,NA,NA,NA,NA,NA,NA,NA,NA,NA
"ML756141.1:653_A/G",0,1,0,NA,NA,NA,NA,NA,NA,NA,NA,NA
"ML756134.1:1057_G/GT",1,1,1,NA,NA,NA,NA,NA,NA,NA,NA,NA
"ML756131.1:96_T/C",1,1,1,NA,NA,NA,NA,NA,NA,NA,NA,NA
"ML756128.1:3749_A/G",1,1,1,NA,NA,NA,NA,NA,NA,NA,NA,NA
"ML756134.1:1199_A/G",1,1,1,NA,NA,NA,NA,NA,NA,NA,NA,NA
"ML756128.1:2887_C/T",1,1,1,NA,NA,NA,NA,NA,NA,NA,NA,NA
"ML756128.1:3724_A/C",1,NA,1,NA,NA,NA,NA,NA,NA,NA,NA,NA
"ML756131.1:1356_A/G",0,1,0,NA,NA,NA,NA,NA,NA,NA,NA,NA
"ML756128.1:3762_C/T",1,1,1,NA,NA,NA,NA,NA,NA,NA,NA,NA
"ML756129.1:2128_G/T",0,0,1,NA,NA,NA,NA,NA,NA,NA,NA,NA
"ML756131.1:1098_C/T",1,0,1,NA,NA,NA,NA,NA,NA,NA,NA,NA
"ML756131.1:763_G/A",1,0,1,NA,NA,NA,NA,NA,NA,NA,NA,NA
"ML756131.1:290_C/A",1,1,1,NA,NA,NA,NA,NA,NA,NA,NA,NA
"ML756131.1:1345_C/A",0,1,0,NA,NA,NA,NA,NA,NA,NA,NA,NA
"ML756131.1:84_T/TA",1,1,1,NA,NA,NA,NA,NA,NA,NA,NA,NA
"ML756131.1:1925_G/GA",1,1,1,NA,NA,NA,NA,NA,NA,NA,NA,NA
"ML756144.1:368_G/C",1,1,1,NA,NA,NA,NA,NA,NA,NA,NA,NA
"ML756134.1:1184_A/G",1,NA,1,NA,NA,NA,NA,NA,NA,NA,NA,NA
"ML756131.1:501_T/C",1,1,1,NA,NA,NA,NA,NA,NA,NA,NA,NA
"ML756137.1:386_A/T",1,1,1,NA,NA,NA,NA,NA,NA,NA,NA,NA
"ML756134.1:1221_G/GCTAAAA",1,0,1,NA,NA,NA,NA,NA,NA,NA,NA,NA
"ML756131.1:1537_A/C",0,1,0,NA,NA,NA,NA,NA,NA,NA,NA,NA
"ML756131.1:1049_T/A",1,1,1,NA,NA,NA,NA,NA,NA,NA,NA,NA
"ML756141.1:91_G/A",1,1,1,NA,NA,NA,NA,NA,NA,NA,NA,NA
"ML756141.1:688_A/T",0,1,0,NA,NA,NA,NA,NA,NA,NA,NA,NA
"ML756141.1:1167_T/C",1,1,1,NA,NA,NA,NA,NA,NA,NA,NA,NA
"ML756131.1:1513_A/G",0,1,0,NA,NA,NA,NA,NA,NA,NA,NA,NA
"ML756134.1:1562_C/T",0,1,NA,NA,NA,NA,NA,NA,NA,NA,NA,NA
"pINT03-XYL123.gb:10872_C/CT",1,1,1,NA,NA,NA,NA,NA,NA,NA,NA,NA
"ML756134.1:1464_T/A",1,1,NA,NA,NA,NA,NA,NA,NA,NA,NA,NA
